-- phpMyAdmin SQL Dump
-- version 4.9.5
-- https://www.phpmyadmin.net/
--
-- Servidor: localhost:3306
-- Tiempo de generación: 21-10-2020 a las 22:46:16
-- Versión del servidor: 10.3.16-MariaDB
-- Versión de PHP: 7.3.23

SET SQL_MODE = "NO_AUTO_VALUE_ON_ZERO";
SET AUTOCOMMIT = 0;
START TRANSACTION;
SET time_zone = "+00:00";


/*!40101 SET @OLD_CHARACTER_SET_CLIENT=@@CHARACTER_SET_CLIENT */;
/*!40101 SET @OLD_CHARACTER_SET_RESULTS=@@CHARACTER_SET_RESULTS */;
/*!40101 SET @OLD_COLLATION_CONNECTION=@@COLLATION_CONNECTION */;
/*!40101 SET NAMES utf8mb4 */;

--
-- Base de datos: `id12765193_chistes_whatsapp`
--

-- --------------------------------------------------------

--
-- Estructura de tabla para la tabla `categorias`
--

CREATE TABLE `categorias` (
  `id_categoria` int(11) NOT NULL,
  `categoria` varchar(100) COLLATE utf8_unicode_ci NOT NULL,
  `fecha` datetime NOT NULL
) ENGINE=InnoDB DEFAULT CHARSET=utf8 COLLATE=utf8_unicode_ci;

--
-- Volcado de datos para la tabla `categorias`
--

INSERT INTO `categorias` (`id_categoria`, `categoria`, `fecha`) VALUES
(1, 'Niños', '2020-03-02 22:56:28'),
(2, 'Animales', '2020-03-02 22:56:28'),
(3, 'Bebés', '2020-03-02 22:56:28'),
(4, 'Borrachos', '2020-03-02 22:56:28'),
(5, 'Actos', '2020-03-13 18:04:22'),
(6, 'Amigos', '2020-03-13 18:04:22'),
(7, 'Colmos', '2020-03-13 18:04:22'),
(8, 'Comidas', '2020-03-13 18:04:22'),
(9, 'Computación', '2020-03-13 18:04:22'),
(11, 'Deportes', '2020-03-13 18:04:22'),
(12, 'Doctores', '2020-03-13 18:04:22'),
(13, 'En qué se parece... ?', '2020-03-13 18:04:22'),
(14, 'Jaimito', '2020-03-13 18:04:22'),
(15, 'Mamá..! Papá...!', '2020-03-13 18:04:22'),
(16, 'Hombres', '2020-03-13 18:04:22'),
(17, 'Mujeres', '2020-03-13 18:04:22'),
(18, 'Matrinonios', '2020-03-13 18:04:22'),
(19, 'Navidad', '2020-03-13 18:04:22'),
(20, 'No es lo mismo', '2020-03-13 18:04:22'),
(21, 'Novios', '2020-03-13 18:04:22'),
(22, 'Pepito', '2020-03-13 18:04:22'),
(23, 'Profesiones', '2020-03-13 18:04:22'),
(24, 'Profesores', '2020-03-13 18:04:22'),
(25, 'Qué le dice...?', '2020-03-13 18:04:22'),
(26, 'Coronavirus', '2020-06-07 23:28:28'),
(50, 'Chistes Comunidad', '2020-10-21 03:52:48');

-- --------------------------------------------------------

--
-- Estructura de tabla para la tabla `chistes`
--

CREATE TABLE `chistes` (
  `id_chiste` int(10) UNSIGNED NOT NULL,
  `chiste` varchar(3000) DEFAULT NULL,
  `id_categoria` int(11) DEFAULT NULL,
  `fecha` datetime DEFAULT NULL
) ENGINE=InnoDB DEFAULT CHARSET=utf8mb4;

--
-- Volcado de datos para la tabla `chistes`
--

INSERT INTO `chistes` (`id_chiste`, `chiste`, `id_categoria`, `fecha`) VALUES
(1, 'Papá quiero una mascota... Ya tuviste piojos el año pasado y los mataste', 1, '2020-03-02 22:58:57'),
(2, 'Entra una persona a comprar a la tienda: – Hola, quiero un desodorante. – OK, enseguida se lo traigo, ¿lo quiere de spray? – No, lo quiero de sobacos.', 1, '2020-03-02 23:01:14'),
(3, 'Tengo una cocinera que es como un sol, lo quema todo.', 1, '2020-03-02 23:02:53'),
(4, '¿Sabes que mi primo anda en bicicleta desde los 5 años? Asu apoco ?, ya debe estar bien lejos', 1, '2020-03-02 23:10:25'),
(5, '¿A qué no sabes lo que le dice un pollito a otro pollito cuando se enoja? ¡Caldito seas!', 2, '2020-03-02 23:10:25'),
(6, '¿Cómo se llama el hermano vegetariano de Bruce Lee? Broco Lee', 1, '2020-03-02 23:10:25'),
(7, 'Dios por favor permite que este calor derrita la grasa que hay en mi cuerpo', 1, '2020-03-02 23:10:25'),
(8, 'Una Maestra le pregunta a su alumno: – como se dice “perro” en inglés. – Esta muy facil, se dice “dog”. – ¡Excelente! ¿Y cómo se dice veterinario? – se dice “dog-tor”', 1, '2020-03-02 23:10:49'),
(9, 'Dios por favor permite que este calor derrita la grasa que hay en mi cuerpo', 1, '2020-03-02 23:11:29'),
(10, '¿Cómo se llama al elefante que viste de traje? \"Elegante\"', 1, '2020-03-02 23:11:30'),
(11, 'Mi hijo en su nuevo trabajo se siente como pez en el agua ¿Qué hace? Nada!!', 1, '2020-03-02 23:11:30'),
(12, 'Un niño le dijo a su papá papá papá vinieron a preguntar si ¿Aquí vendian un burro ? y ¿qué les dijiste ? que no estabas', 1, '2020-03-02 23:11:30'),
(13, 'Si mi perro me dice lava la ropa de todos modos no lo hare porque?  porque los perros no hablan', 2, '2020-03-02 23:11:30'),
(14, 'Un señor llega al doctor con su bebe en brazos. Doctor, doctor, mi hijo tiene 6 meses y no abre los ojos. El doctor le hace un chequeo al bebe y le dice al padre: Señor, el que debe abrir los ojos es usted, este bebe es chino.', 3, '2020-03-02 23:14:23'),
(15, 'Lamentamos tener que decirle Señor que su esposa ha tenido un parto muy difícil y al bebé le tuvimos que poner oxigeno. -Que pena porque yo quería ponerle Manuel!', 3, '2020-03-02 23:18:16'),
(16, 'Un borracho va a Alcohólicos Anónimos y le preguntan:\r\n- ”¿Vino solo?”.- No…con hielo por favor', 4, '2020-03-02 23:20:24'),
(17, 'Un borracho entra a su casa a las 3 de la mañana, y su esposa, que lo está esperando le dice:- ¡que no ves a la hora que vienes llegando!- ¿Y quién te dijo que vengo llegando?, vine a buscar mi guitarra.', 4, '2020-03-02 23:23:28'),
(18, '¿Tiene pastillas para la flojera? Sí ¿Me pone una en la boca por favor?', 1, '2020-03-06 20:20:59'),
(19, '¿Quién es la persona que más se ríe? El barrendero, porque siempre va riendo.', 1, '2020-03-06 20:43:04'),
(20, 'Buenos días. Busco trabajo. ¿Le interesa de jardinero? ¿Dejar dinero? ¡Si lo que busco es trabajo!', 1, '2020-03-08 03:09:20'),
(21, '¿Cuál es el único animal que muere entre aplausos?\nEl mosquito.', 2, '2020-03-23 06:09:08'),
(22, '¿Por qué el perro mueve la cola? \nPorque la cola no mueve al perro.', 2, '2020-03-23 06:19:12'),
(23, '¿Qué le dice un ganso a una gansa?\n- ¡Vengansa!', 2, '2020-03-23 06:23:46'),
(24, '¿Cuál es el animal que salta más que un árbol?\n¡Cualquier animal porque los árboles no saltan!', 2, '2020-03-23 06:30:18'),
(25, 'Dos patos hacen una carrera. ¿Cómo acaban?\n¡EMPATADOS!', 2, '2020-03-23 06:35:25'),
(26, '¿Qué hace un perro con un taladro?\nTaladrando.', 2, '2020-03-23 06:38:06'),
(27, '¿Qué haces?\n- Matando moscas. Por ahora van dos machos y dos hembras.\n- ¿Cómo sabes de qué sexo son?\n- Porque dos estaban en el vaso de cerveza y las otras dos en el espejo.', 2, '2020-03-23 06:43:50'),
(28, 'Qué bonito tu perro, ¿cómo se llama?\n- Le he puesto Wifi ¡porque se lo he robado al vecino!', 2, '2020-03-23 07:03:35'),
(29, 'Un granjero le dice a otro:\n- Oye, Paco, ¿tus vacas fuman?.\n- No, ¿por qué?\n- Entonces se te está quemando el establo.', 2, '2020-03-23 07:10:08'),
(30, '¿Cuál es el pez que usa corbata?\nEl pezcueso.', 2, '2020-03-23 07:15:08'),
(31, '¿Crees que la leche engorda?\n- ¡Hombre!, ¿no ves cómo están las vacas?', 2, '2020-03-23 07:22:15'),
(32, '¿Cuál es el pájaro que hace siempre sus nidos en las iglesias?\n- El Ave María.', 2, '2020-03-23 07:25:18'),
(33, '¿Qué le dijo una chinche a otra?\n- Te quiero chincheramente.', 2, '2020-03-23 07:28:50'),
(34, '¿Qué hace una abeja en el gimnasio?\nZumba.', 2, '2020-03-23 07:31:49'),
(35, 'Iban dos cerditos por la calle y ven un cartel en una carnicería que dice:\n¡HOY, DÍA DEL CERDO¡\n¡¡Y los dos cerditos se dieron un abrazo!!', 2, '2020-03-23 07:33:15'),
(36, 'Si tienes 5 peces y 3 se ahogan, ¿cuántos te quedan?\n- Mmmmmm…\n- Anda, deja de contar, ¡los peces no se ahogan!', 2, '2020-03-23 07:35:10'),
(37, '¿En qué idioma se hablan las tortugas?\nEn Tortugués.', 2, '2020-03-23 07:37:29'),
(38, '¿Cuál es el animal más antiguo?\n- La vaca.\n- ¿Por qué?\n- Porque está en blanco y negro.', 2, '2020-03-23 07:39:09'),
(39, 'Papá, ¿cuántos años tiene el gato?\n- 2 años.\n- ¿Y cuántos tengo yo?\n- 5 años.\n¿Y por qué el gato tiene bigote y yo no?', 2, '2020-03-24 03:30:40'),
(40, '¿Cómo se convierte un burro en burra?\nSe mete el burro en una habitación oscura y se espera hasta que se aburra.', 2, '2020-03-24 04:30:20'),
(41, 'Mamá, mamá ¿qué tienes en la barriga? ---Un bebé que me regaló tu papa. -¡Papá no le regales más bebes a mamá porque se los come!', 3, '2020-03-26 04:08:12'),
(42, '¿Qué le dice una taza a otra?\n¿Qué tazaciendo?', 25, '2020-03-26 04:19:53'),
(43, 'un niño le pregunta a su mama mama porque me llamo claudio y la mama dice:porque yo me llamo claudia y el niño le dice: ah pero que bueno que no te llamas ana.', 1, '2020-03-27 03:08:01'),
(44, 'Tía Teresa, ¿para qué te pintas?\n- Para estar más guapa.\n- ¿Y tarda mucho en hacer efecto?', 17, '2020-03-28 03:21:05'),
(45, 'Llega el niño de jugar al fútbol y le dice a su padre: – Hoy el entrenador me ha dicho que soy garantía de gol.\n– ¡Qué bien! Siempre quise tener un hijo delantero.\n– No, papá, jugué de portero.', 11, '2020-03-28 04:00:09'),
(46, 'La esposa de dice al marido:\n-Cariño, dame al bebé\n-Espera a que llore.\n-¿A que llore?. ¿Por qué?\n- Porque no lo encuentro', 3, '2020-04-05 02:51:57'),
(47, '- ¿Qué pesa más, bebé de 3 kilos o un pájaro de 3 kilos?\n- El pájaro. Porque pesa 3 kilos y pico…', 3, '2020-04-05 03:02:43'),
(48, 'Entra un borracho en una bodega y le dice al encargado: Quiero 1.000 litros de vino. A lo que responde el encargado: Pero, traerá usted su envase, ¿No? \nY dice el borracho: Esta usted hablando con él.', 4, '2020-04-14 04:47:50'),
(49, 'Una vez un borrachito iba caminando por la acera y ve venir un bus y dice: ¡Alto! El borrachito se monta al autobús, y cada vez que el autobús frenaba el borrachito se movía para atrás y para adelante. Así se pasó todo el viaje, y cuando llega a la parada en la que le toca bajarse el chofer le cobra cinco dólares, que es el valor del pasaje. El borrachito le dice al chofer: ¡No jodas, casi todo el viaje me lo tiré caminando!', 4, '2020-04-14 05:17:40'),
(50, 'Una viejita va pasando por la calle y ve a un borracho tirado en la acera y le dice: ¡Sucio!, ¡apestoso! Y el borracho le contesta si es una adivinanza es el zorrillo.', 4, '2020-04-14 05:20:37'),
(51, 'Estaba un borracho en la cantina y llega otro y le pregunta: ¿Por qué tomas? Y le contesta: Para verme más bonito. ¿Tomando te ves más bonito? Sí, cuando llego a mi casa mi vieja me dice: Míralo nada más que bonito te ves de borracho', 4, '2020-04-14 06:00:35'),
(52, 'Un borrachito leyó mucho sobre lo mal que hace la bebida, y luego de mucho pensarlo sacó una conclusión: Iba a dejar la lectura.', 4, '2020-04-16 21:07:56'),
(53, 'Primer acto: \naparece una leche en la vía\nsegundo acto:\naparece un yogur en la vía\ntercer acto:\naparece una mantequilla en la vía\n¿como se llama la obra?\nla vía láctea', 5, '2020-04-16 21:23:33'),
(54, '¿Qué le dice la nariz al pañuelo?\n- Creo que te conozco. Me suenas...', 25, '2020-04-19 04:36:00'),
(55, '¿Qué le dice un pecoso a otro pecoso?\n- Te gano por puntos.', 25, '2020-04-19 04:36:12'),
(56, 'El profesor le pregunta al alumno:\n- A ver, niño, ¿cuántos ojos tenemos?\nEl alumno se toma su tiempo para pensarlo y por fin responde:\n- ¡Cuatro!\n- Pero, ¿qué dices? grita el profesor.\n- Pues claro, señor profesor, cuatro: ¡dos usted y dos yo!', 24, '2020-04-19 04:37:04'),
(57, 'El profesor repartiendo las notas:\n - Luisito un diez. Pedrito un ocho. Juanito un seis. Jaimito, un cero. Y le pregunta Jaimito:\n - Oiga profesor, ¿Y por qué a mí un cero?\n - Porque has copiado el examen de Pedrito.\n - ¿Y usted cómo lo sabe?\n - Porque las cuatro primeras preguntas, están iguales, y en la última pregunta Pedrito respondió:\n \"Esa, no me la sé\" y tu has puesto: \"Yo tampoco\".', 24, '2020-04-19 04:37:29'),
(58, '¿Y tú a qué te dedicas? – Soy inventor…me inventé la rueda, la radio, la penicilina… -¡¡Eso es mentira!! – ¿Ves? ¡Me lo invento todo!', 23, '2020-04-19 04:37:55'),
(59, '- Buenas, estoy buscando trabajo como cortador de árboles.\n- Alguna experiencia?\n- Si claro, llevo los últimos 30 años cortando árboles en el Sahara.\n- Pero si ahí no hay árboles!\n- Para que vea, ¿soy o no soy bueno?', 23, '2020-04-19 04:38:05'),
(60, '- Pepito, ve a la tienda y tráeme pegamento.\n- ¡¡No quiero!!\n- Entonces te pego.\n- ¿Y cómo me vas a pegar si no tienes pegamento?', 22, '2020-04-19 04:38:26'),
(61, '- ¡Pepito! ¡Estas notas merecen un escarmiento!\n- ¿Verdad que sí, mamá? ¡Vamos, que yo sé donde vive la maestra!', 22, '2020-04-19 04:38:41'),
(62, '-¿Me amas sólo porque mi padre me dejó una fortuna? \n-No querido, yo te amaría sin importar quién te la dejó.', 21, '2020-04-19 04:39:16'),
(63, '– Mamá, mamá, ¿por qué la novia va vestida de blanco? \n– Es por que es el día más feliz de su vida…\n– Ahhh, ¿y por qué el novio va vestido de negro?', 21, '2020-04-19 04:39:38'),
(64, 'No es lo mismo marioneta, que venga Mario y te lo meta.', 20, '2020-04-19 04:41:24'),
(65, '-No es lo mismo una bola vieja, que una vieja en bolas.', 20, '2020-04-19 04:41:42'),
(66, '- ¡Eh, Papá Noel!, ¿por qué sigues entrando por la chimenea después de tantos años?\n-¡¡Porque nadie tiene el detalle de dejarme las llaves debajo de la puerta!!', 19, '2020-04-19 04:42:12'),
(67, '- ¿Qué hiciste en Navidad?\n- Engordé.', 19, '2020-04-19 04:42:20'),
(68, '- Mi mujer me hizo creyente\n- ¿Y eso?\n- ¡Yo no creía en el infierno hasta que me casé con ella!', 18, '2020-04-19 04:43:24'),
(69, 'Un matrimonio que se quiere separar le pregunta a la hija de unos catorce años:\n- ¿Con quién te quieres ir con papá o con mamá?\nY la hija pregunta:\n- ¿Quién se queda con el coche?', 18, '2020-04-19 04:43:33'),
(70, '¿Por qué los huracanes en su mayoría tienen nombres de mujeres? Porque cuando se van, se llevan el carro la casa, y tu dinero.', 17, '2020-04-19 04:44:18'),
(71, '¿Cómo se llama la mujer que siempre sabe dónde está su marido? \nViuda.', 17, '2020-04-19 04:44:25'),
(72, '¿Cuánto tarda un hombre en cambiar un rollo de papel higiénico?\n- No lo sabemos... Nunca ha pasado.', 16, '2020-04-19 04:48:49'),
(73, '¿Por qué dios hizo primero al hombre y después a la mujer?\n- Porque para hacer una obra maestra se necesita un borrador...', 16, '2020-04-19 04:49:08'),
(74, 'Mamá, Mamá ¿qué hay hoy para comer?\n- Mierda con tomate.\n- Jooooooo, ¿OTRA VEZ CON TOMATEEE?', 15, '2020-04-19 04:49:25'),
(75, '- Papá, papá, ¿puedo ir al cine?\n- Sí, Jaimito, pero no entres.', 15, '2020-04-19 04:49:34'),
(76, 'Jaimito llega tarde al colegio y la profesora le pregunta:\n- ¿Por qué llegas tarde?\n- Me quedé dormido soñando con un partido.\n- ¿Y eso qué tiene que ver?\n- Pues hubo un empate, prórroga y además penaltis.', 14, '2020-04-19 04:50:01'),
(77, '- Seño, una pregunta.\n- ¿Sí, Jaimito?\n- ¿Por qué el examen no traía preguntas sobre su vida, si es de lo que más ha hablado durante el trimestre?', 14, '2020-04-19 04:50:36'),
(78, '¿En que se parece una gata y una escopeta?\nEn que los dos tiene gatillos ..', 13, '2020-04-19 04:50:52'),
(79, '¿En qué se parece el toro vivo al toro muerto?\nEn que el toro vivo embiste, y\nel toro muerto en bistec.', 13, '2020-04-19 04:51:04'),
(80, '- Doctor, doctor, tengo paperas.\n- Pues toma 2 euros y ya tienes pa platanos.', 12, '2020-04-19 04:51:27'),
(81, '- Doctor, doctor, tengo los dientes amarillos. ¿Qué me recomienda?\n- Pues le iría bien una corbata marrón.', 12, '2020-04-19 04:51:42'),
(82, 'Había una vez un jugador de fútbol malo, pero tan tan malo, que cuando metió un gol, en la repetición ¡lo falló!', 11, '2020-04-19 04:52:05'),
(83, 'Un niño va en su bicicleta y le dice a su madre, soltándose:- ¡Mamá! ¡Mamá, mira, sin manos!\nLuego separa los pies de los pedales y dice:- Mamá, mamá, ¡mira sin piernas!\nY en eso se cae de cara al suelo y dice:- Mamá, mamá, ¡mira, sin dientes!', 11, '2020-04-19 04:52:28'),
(84, '- Mama que haces en frente de la computadora con los hojos cerrados???\n- Nada hijo es que Windows me dijo que cierre las pestañas', 9, '2020-04-19 04:52:56'),
(85, '-¿pero que haces tirando esos portátiles al río?\n-!pero mira como beben los PC,s en el rio!', 9, '2020-04-19 04:53:21'),
(86, '¿Qué dice Steve Jobs cuando entra en una panadería?\n- ¿I Pan?', 8, '2020-04-19 04:53:48'),
(87, '- ¿Sabes cuánto pago de alquiler por la frutería?\n- No, ¿cuánto?\n- ¡¡PIMIENTOS EUROS!!', 8, '2020-04-19 04:54:28'),
(88, '¿Cual es el colmo de un marinero?\npescar un resfriao', 7, '2020-04-19 04:55:10'),
(89, '¿Cuál es el colmo de un astronauta?\nPasar al lado de las estrellas y no pedirles un autógrafo', 7, '2020-04-19 04:55:18'),
(90, 'Estaban 3 amigos en un restaurante conversando del futuro de sus hijos y se preguntaron entre sí la profesión de sus hijos, el primero dice: Mi hijo será doctor porque le gusta revisar a sus primitos. El segundo dice: Mi hijo será ingeniero porque le gusta jugar a construir. El tercero de los amigos se queda un rato pensando y dice: Mi hijo será mesero. Pero, ¿cómo?, le preguntan sus amigos. Es que cada vez que le hablo, se hace el tonto, como el mesero que todavía no nos atiende.', 6, '2020-04-19 04:59:46'),
(91, 'Dos amigos van por la calle, cuando de repente uno de ellos se para y exclama: ¡Cielos! ¡Mi mujer y mi amante vienen charlando juntas hacia aquí! Su amigo le mira con cara de estupefacción y le dice: ¡Caramba! ¡Yo iba a decir lo mismo!', 6, '2020-04-19 05:00:26'),
(92, 'Primer acto: Un pelo está en la cama. Segundo acto: El pelo sigue en la cama. Tercer acto: El pelo está todavía en la cama. ¿Cómo se llama la obra? El vello durmiente.', 5, '2020-04-19 05:01:09'),
(93, 'Tres amigos borrachos entran en un bar y uno se cae al suelo: Nos pone dos copas. Y el del sueldo ¿no bebe? No, se está reservando porque tiene que conducir.', 4, '2020-04-19 05:01:46'),
(94, '¿Qué le dice un globo a otro?\n- ¡¡I glob you!!', 25, '2020-04-19 05:02:09'),
(95, '¿Qué le dice un Pikachu a otro?\n- Pika Pika.\n¿Y qué responde el otro?\n- ¡Pues ráscate!', 25, '2020-04-19 05:02:19'),
(96, '- A ver Jaimito, dime una palabra que tenga 5 ies.\n Y Jaimito le responde:\n - Pero profesora, eso es dificilísimo.\n - Muy bien Jaimito, muy bien.', 24, '2020-04-19 05:02:52'),
(97, 'Jaimito le pregunta a la maestra: \n- Maestra, ¿usted me castigaría por algo que yo no hice? \n- Claro que no, Jaimito. \n-  Ahh, pues que bueno, porque yo no hice mi tarea.', 24, '2020-04-19 05:03:00'),
(98, 'Un campesino va a la capital para comprarse unas gafas y cuando llega a la óptica le pregunta el oculista:\n- Para qué las quiere caballero, ¿para cerca o para lejos?\n- No! No muy lejos... para aquí por la provincia...', 23, '2020-04-19 05:03:38'),
(99, 'Un respetable ginecólogo está paseando por la calle con su\nesposa.\nAl lado de ellos pasa una muchacha joven, sensual, minifalda, mucho maquillaje y saluda al doctor con cariño:\n- ¡Hola, mi amor!\nEl doctor le dice a su esposa:\n- No pienses nada raro. La conozco por el lado estrictamente profesional.\n- Y pregunta la esposa:\n- ¿El lado profesional tuyo o el de ella?', 23, '2020-04-19 05:03:47'),
(100, 'El profesor le pregunta a Pepito:\n- ¿Cómo suena la M con la A?\n- Ma.\n- Muy bien Pepito. Y si le colocas una tilde, ¿cómo suena?\n- Matilde.', 22, '2020-04-19 05:04:21'),
(101, '- Pepito, le dijiste a tu hermana que es tonta. Ve y dile que lo sientes.\n- Hermanita, siento que seas tan tonta.', 22, '2020-04-19 05:04:33'),
(102, '-Dos amigas hablan de su vida amorosa y una le dice a la otra: -Yo he tenido 3 novios, Alberto, Roberto y Rigoberto. -Todos terminan igual, le comenta la amiga. -Sí, dejándome plantada.', 21, '2020-04-19 05:16:16'),
(103, '– Te prevengo, dice el hombre a la mujer con la que pronto se ha de casar, soy celoso incluso sin razones.- No te preocupes, querido. Conmigo no lo serás nunca sin razón.', 21, '2020-04-19 05:17:28'),
(104, 'No es lo mismo Juan, melón y tierra, que Juan me lo entierra.\r\n', 20, '2020-04-19 05:18:23'),
(105, 'No es lo mismo decir me baño en el lago, que en el baño me la hago.', 20, '2020-04-19 05:18:36'),
(106, '¿Cómo se llaman los Reyes Magos?\nMelchor, Gaspar, Basaltar y... ¡se cayó!', 19, '2020-04-19 05:19:03'),
(107, '¿Cómo se llama el que tiene miedo a Santa Claus?\n¡¡CLAUS trofóbico!!', 19, '2020-04-19 05:19:15'),
(108, 'Llega un hombre completamente ebrio a su casa. La esposa abre la puerta y le reclama:\n- ¡Me mentiste! Dijiste que dejarías de beber, que cambiarías, que serías un hombre nuevo...\n- Señora...  tuvo mala suerte... el hombre nuevo le salió igual de borracho que el viejo', 18, '2020-04-19 05:19:59'),
(109, 'Le dice un hombre a su mujer:\n-Te apuesto lo que sea a que no puedes decirme algo que sea capaz de alegrarme y entristecerme a la vez.\nA lo que ella responde:\n-De tu grupo de amigos, el que la tiene más grande eres tú.', 18, '2020-04-19 05:20:17'),
(110, '¿Cuál es el mes en que las mujeres hablan menos? \nFebrero, porque sólo tiene 28 días.', 17, '2020-04-19 05:20:42'),
(111, '¿Por qué la mujer no llegó a la luna? \nPorque todavía no terminó de barrer la tierra.', 17, '2020-04-19 05:20:57'),
(112, '¿Por qué los chistes de mujeres siempre ocupan dos líneas?\n- Para que los entiendan los hombres.', 16, '2020-04-19 05:21:23'),
(113, '¿Por qué no se puede ser un hombre guapo e inteligente a la vez?\n- Porque sería una mujer.', 16, '2020-04-19 05:21:56'),
(114, '- Mamá, mamá, esta noche no me esperes.\n-¿¿Por qué, Jaimito??\n- Por que ya he llegado.', 15, '2020-04-19 05:22:19'),
(115, '- ¡Mamá, mamá quiero un Iphone!\n- ¿Por qué, Jaimito?\n- Porque todos tienen uno...\n- Y si todos se tiran a un pozo, ¿tú te tirarías también?\n- No, me quedaba con sus Iphone...', 15, '2020-04-19 05:22:27'),
(116, '- Jaimito, ¿quién fue Juana de Arco?\n- Una drogadicta, maestra.\n- ¿¿De dónde sacas eso?\n- El libro dice que murió por heroína.', 14, '2020-04-19 05:22:49'),
(117, 'Dos madres hablando…\n- ¡Dile a tu hijo que me deje de imitar!\n- Jaimito, ¡deja de hacerte el menso', 14, '2020-04-19 05:23:00'),
(118, '¿En qué se parecen una \"boda\" y un \"divorcio\"?\n- En que en la boda todo es \"arroz\" y en el divorcio todo es \"PA-ella\"', 13, '2020-04-19 05:23:26'),
(119, '¿En qué se parecen los billetes a los zapatos?\nEn que se gastan.', 13, '2020-04-19 05:23:35'),
(120, '- Doctor, doctor, veo elefantes rosas por todos lados, mire a donde mire solo veo elefantes rosas.\n- ¿Ha visto usted ya un psicólogo?\n- No, doctor, ¡solo elefantes rosas!', 12, '2020-04-19 05:24:00'),
(121, '- Parece que su tos está mejor.\n- ¡¡Sí, estuve practicando toda la noche!!', 12, '2020-04-19 05:24:13'),
(122, 'El niño llega súper contento luego de un partido de fútbol y le dice a su padre: Papá, hoy jugué el mejor partido de mi vida. ¡Hice 3 goles!\n-¿Y cómo quedaron? -pregunta el padre emocionado\n– ¡Perdimos 2-1!', 11, '2020-04-19 05:24:36'),
(123, 'Había un jugador de fútbol que siempre se bañaba antes de los partidos y otro jugador le pregunta porque te bañas siempre antes de los partidos y le contesta porque el entrenador me dice que juegue limpio.', 11, '2020-04-19 05:26:54'),
(124, '- Intenté enamorar a una programadora, pero no se de Java\n- ¿Has probado com Pilar?', 9, '2020-04-19 05:27:25'),
(125, '¡Caray abuela! ¡No es tan difícil! ve a configuración! selecciona WIFI \n¡Selecciónalo! pulsa con el dedo.. ¡SI cualquier dedo!', 9, '2020-04-19 05:27:40'),
(126, '- Camarero, ¿qué tiene de entrada?\n- Pues... ¡una puerta de vidrio!', 8, '2020-04-19 05:28:02'),
(127, '- Disculpe, mi sopa tiene un pelo…\n- Ah, es un cabello de Ángel.\n- ¿De ángel?\n- Si, Ángel, el cocinero.', 8, '2020-04-19 05:28:31'),
(128, '¿Cuál es el colmo de un vigilante? Darle la vuelta a la manzana, y no poder comérsela.', 7, '2020-04-19 05:29:01'),
(129, '¿Cuál es el colmo de un colmo? Que un mudo le diga a un sordo, que un ciego está mirando a un pelado que se está peinando.', 7, '2020-04-19 05:29:18'),
(130, 'Un señor se encuentra con su amigo que lo había venido a visitar después de varios años y luego de una larga y tendida conversación éste le pregunta: Juan, ¿Qué fue de tu viejo? Mi padre murió en un accidente. Pero que lastima, no sabía nada. Sí, fue tremendo pero sé que sus últimas palabras me las dijo a mí. ¿Ah si? ¿Y cuáles fueron? ¡No muevas la escalera!', 6, '2020-04-19 05:30:04'),
(131, 'Un amigo le pregunta a otro ¿Cómo está tu mujer? Regular. ¿Por qué, está enferma? No, es que todas las demás están mejor.', 6, '2020-04-19 05:30:44'),
(132, 'Primer acto: Sale un PAVO con un cuchillo. \r\nSegundo acto: Sale otro PAVO con una pistola. \r\nTercer acto: Sale otro PAVO con una espada. \r\n¿Cómo se llama la obra? \r\nLos pavos rangers.', 5, '2020-04-19 05:31:12'),
(133, 'Primera escena: Una mosca con bata \nSegunda escena:Una mosca con bata \nTercera escena: Una mosca con bata \nTitulo de la obra: Con bata las moscas', 5, '2020-04-19 05:31:35'),
(134, 'Iban dos borrachos por el muelle, y de repente uno de ellos escucha una voz desesperada, que decía: ¡Una cuerda, una cuerda! Y se asoman a ver quién era, y era un chavo ahogándose y dice el borracho: Está viendo que se está ahogando, y todavía quiere ahorcarse.', 4, '2020-04-19 05:36:39'),
(135, 'Una mujer llama la atención al marido al tomar alcohol: Pero Juan\n ¿No te ha dicho el médico que nada de copas?\n Si por esto estoy bebiendo de la botella!', 4, '2020-04-19 05:36:57'),
(136, '¿Qué le dice un jardinero a otro?\n¡Disfrutemos mientras podamos!', 25, '2020-04-21 22:42:59'),
(137, '¿Qué le dice la hamburguesa doble a la simple?\n- ¡Antes muerta que sencilla!', 25, '2020-04-21 22:43:09'),
(138, 'La profesora a Pepito:\n - Pepito, ¿no te da vergüenza ser el último de la clase? \n - Alguien debe sacrificarse...', 24, '2020-04-21 22:44:01'),
(139, 'Llega un día Pedrito a la escuela y le pregunta a Jaimito:\n- Jaimito, ¿qué escribiste en la tarea?\nY le dice Jaimito:\n- Yo no escribí nada, ¿y tu?\n- Yo tampoco escribí nada.\nY le dice Jaimito:\n- Noo... ¡La profesora va a creer que nos copiamos!', 24, '2020-04-21 22:44:23'),
(140, 'La madre de Juanito estaba harta de que el niño no quisiera comer.\n- Come, por favor.\n- ¡No quiero!\nEl padre del niño, que es psicólogo interviene:\n- Mujer, hay qué permitir que los niños decidan por sí mismos. \nJuanito: te comes la sopa o te doy tres nalgadas.', 23, '2020-04-21 22:45:21'),
(141, 'Está una mujer cenando en un restaurante y de repente llama al mesero y le pregunta:\n-¿Tiene ancas de rana?\n-Sí, señora.\n-Entonces, ¡Dé un salto y tráigame un vaso de agua, que me ahogo!', 23, '2020-04-21 22:46:01'),
(142, '- Pepito, ¿crees que algún día la tecnología sustituirá al papel?\n- ¡Qué va! No creo, sería un poco difícil limpiarse la cola con el móvil...', 22, '2020-04-21 22:46:59'),
(143, 'La profesora le pregunta a Pepito:\n-Pepito, voy a hacerte una pregunta muy difícil, a ver si la sabes. \n¿Para ti quiénes son más inteligentes, los animales o los seres humanos?\n-Los animales, señorita.\n-¿Estás seguro, Pepito?\n-¡Pues claro! Cuando yo le hablo a mi perro él me entiende, y en cambio cuando me ladra, yo no lo entiendo a él.', 22, '2020-04-21 22:47:49'),
(144, '- Mi novia me ha dejado una nota en la mesa que ponía:\n\"Me voy, no hay química\"\n- No la entiendo, ¿si le han anulado la clase para qué va?', 21, '2020-04-21 22:49:27'),
(145, 'Una pareja de novios recién casados comentan:\n- Oye, una pregunta amada mía, que se me acaba de ocurrir sin motivo...\n- Dime mi amor\n- Si algún día yo me muriera ¿Llorarías?\n- Pues claro!. No ves que yo lloro por cualquier tontada...', 21, '2020-04-21 22:50:30'),
(146, 'No es lo mismo la verdura, que verla dura.', 20, '2020-04-21 22:51:10'),
(147, 'No es lo mismo pintar con brocha gorda, que pintar a una gorda con una brocha.', 20, '2020-04-21 22:51:20'),
(148, 'Llaman a la puerta, abre el niño y la madre pregunta:\n- ¿Quién es?\n- Papá Noel.\n- Pues si no es papá no abras.', 19, '2020-04-21 22:51:49'),
(149, 'Le tocan a un hombre 400 millones de euros en la Lotería de Navidad y le preguntan:\n- Y ahora, ¿a qué va a dedicar usted los primeros millones?\n- Yo, a pagar deudas.\n- Sí, pero ¿y los otros?\n- Los otros que esperen.', 19, '2020-04-21 22:52:07'),
(150, 'Un matrimonio va al médico y tras examinar a la mujer, el médico le dice al marido:\n-La verdad es que no me gusta el aspecto de su esposa.\n-Ni a mi, pero su padre es rico.', 18, '2020-04-21 22:53:26'),
(151, 'Esto son dos amigos que se encuentran, y uno le dice al otro:\n- Mi mujer, querido compañero, se pasa todas las noches de bar en bar.\nA lo que el otro responde:\n- Cuánto lo siento, ¿bebe mucho?.\n- No, me anda buscando.', 18, '2020-04-21 22:53:47'),
(152, '¿Qué tienes que hacer para que una mujer te empiece a fastidiar?\n¡Casarte con ella!', 17, '2020-04-21 22:54:16'),
(153, '¿Cuál es el peor enemigo de las mujeres? \nEl espejo.', 17, '2020-04-21 22:54:32'),
(154, 'Llega un hombre completamente ebrio a su casa. \n- La esposa abre la puerta y le reclama:\n- ¡Me mentiste! Dijiste que dejarías de beber, que cambiarías, que serías un hombre nuevo...\n- Señora...  tuvo mala suerte... el hombre nuevo le salió igual de borracho que el viejo', 16, '2020-04-21 22:55:09'),
(155, '¿En qué se parecen los hombres a los pedos?\n- En que te los tiras cuando quieres.', 17, '2020-04-21 22:55:53'),
(156, '¿En qué se parecen los hombres a los caracoles?\n- En que los dos son rastreros, babosos, tienen cuernos...\n Y encima se creen que la casa es suya.', 16, '2020-04-21 22:56:28'),
(157, '- Mamá, mamá, ¿me das dos euros para ese pobre hombre que está gritando solo en la calle?\n- Sí, Jaimito, ¡qué buen corazón tienes! \n- Pero ¿qué grita ese hombre?\n- ¡¡Helados a dos euros!!', 15, '2020-04-21 22:57:07'),
(158, '– Mamá, mamá, hoy casi saco un 10.\n– ¡Muy bien Jaimito! pero… ¿por qué casi?\n– Porque se lo pusieron a mi compañero de al lado.', 15, '2020-04-21 22:57:26'),
(159, '- Jaimito, ¿qué haces pintándote la cara de azul?\n- Porque mi novia se ha ido a pasar muy lejos y ¡yo quiero estar a zu lado!', 14, '2020-04-21 22:59:38'),
(160, '- Jaimito, pon un ejemplo de algo justo pero incorrecto.\n- Si te metes el dedo en la nariz te queda justo pero es incorrecto.', 14, '2020-04-21 23:00:00'),
(161, '¿En qué se parece un hombre que no miente y el 999?\nEn que los dos son sinceros.', 13, '2020-04-21 23:00:29'),
(162, '¿En qué se parece el fuego a la sed?\nEn que se calman con agua.', 13, '2020-04-21 23:00:40'),
(163, 'Un paciente entra en la consulta:\n- ¿Qué es lo que le ha traído por aquí? —le pregunta el médico.\n- Una ambulancia, ¿por qué?', 12, '2020-04-21 23:01:12'),
(164, '- Doctor, mi mujer no para de regañarme. ¿Es grave?\n- Será bronquitis.', 12, '2020-04-21 23:01:43'),
(165, '- ¡Cariño, estás obsesionado con el fútbol y me haces falta!\n- Queeeeeé??? Faltaaa? Falta? si ni siquiera te he tocado, \nvamos.... como puedes decir falta...', 11, '2020-04-21 23:02:25'),
(166, '- ¿Y qué le parece mi chico?\n- Es un jugador muy prometedor.\n- ¿Es bueno?\n- No, pero desde hace cinco años que me está prometiendo jugar mejor.', 11, '2020-04-21 23:02:56'),
(167, '- Doctor, doctor, creo que estoy perdiendo la vista, últimamente no distingo los captchas...', 9, '2020-04-21 23:03:29'),
(168, '- Eres un fanático de la computación, ¿cierto?.\n- Si... mouse o menos.', 9, '2020-04-21 23:03:39'),
(169, '¿Qué le dijo la cucharita a la gelatina?\n- No tiembles, ¡cobarde!', 8, '2020-04-21 23:04:07'),
(170, '1º acto: un señor vende tortas.\n2º acto: el mismo señor vende más tortas.\n3º acto: el mismo señor vende carne.\n¿Cómo se llama la película?\n- El extortista.', 8, '2020-04-21 23:04:41'),
(171, '¿Cuál es el colmo de una funeraria? \nQue el negocio este muerto.', 7, '2020-04-21 23:05:56'),
(172, '¿Cuál es el colmo de un ladrón? \nQue se llame Esteban Dido.', 7, '2020-04-21 23:07:07'),
(173, 'Dos amigos que no se ven desde hace tiempo, \nse encuentran en la calle y se ponen a charlar. \nEn un momento dado, uno le dice al otro: \nY entonces, Manolo, \n¿de qué decías qué te habían operado? \nEl otro responde: ¿Pues no te estoy diciendo que me durmieron?', 6, '2020-04-21 23:08:48'),
(174, 'Había tres amigos que todos los días llegaban a un bar y decían: ¡Cantinero, danos tres tequilas! Un día llegó sólo uno al bar, \r\ny le dijo al cantinero: ¡Cantinero, dame dos tequilas! Al siguiente día volvió a llegar el mismo, \r\ny le dice al cantinero: ¡Cantinero, dame dos tequilas! A lo que el cantinero le pregunta: ¿Ahora viene usted solo?\r\nY el señor le contesta: Así es. ¿Y por qué toma sólo dos tequilas?, le pregunta el cantinero.A lo que el señor le responde: Los tomo por mis amigos, es que yo ya no tomo.', 6, '2020-04-21 23:10:05'),
(175, 'Primer acto: Oscar Pérez roba un banco y se entrega. \nSegundo acto: Oscar Gonzáles roba una joyería y se entrega. \nTercer acto: Oscar López roba una joyería y se entrega.\n ¿Cómo se llama la obra? La entrega de los Oscar.', 5, '2020-04-21 23:11:10'),
(176, 'Primer acto: Un elefante tocando la guitarra eléctrica. \nSegundo acto: Un hipopótamo tocando la batería. \nTercer acto: Un rinoceronte cantando rock. \n¿Cómo se llama la obra? Rock pesado.', 5, '2020-04-21 23:12:51'),
(177, 'Una señora llora al lado de la urna de su esposo, \nla observa un borracho y dice la señora: \nMi amor (al difunto) vas a ir a un sitio sin luz, sin agua, sin comida... \nEntonces la interrumpe el borracho y le dice: \n¿Va a ir a mi casa?', 4, '2020-04-21 23:13:55'),
(178, 'Estaba un borracho en una esquina, cuando una mujer pasa caminando, \nel borracho la observa y le dice: ¡Adiós fea! \nLa mujer indignada se da media vuelta y le dice: ¡Borracho! \nEl borracho con una sonrisa le dice: \nSí, pero a mí, mañana se me pasa.', 4, '2020-04-21 23:25:24'),
(179, '¿Qué le dice un semáforo a otro?\n¡No me mires que me estoy cambiando!', 25, '2020-04-21 23:26:00'),
(180, '¿Qué le dice la Luna al Sol?\n- ¡Tan mayor y no te dejan salir de noche!', 25, '2020-04-21 23:26:44'),
(181, '¿Qué le dice un semáforo a otro?\n¡No me mires que me estoy cambiando!', 25, '2020-04-21 23:26:52'),
(182, '- Profe, ¿por qué me puso un cero?\n- No acertaste ni una, Jaimito.\n- ¡Pero si puse bien mi nombre!. \n¡Pues entonces el cero no es mío!', 24, '2020-04-21 23:27:31'),
(183, 'Estaban reunidos profesores de todas las especialidades. De pronto, apareció un Genio de los Deseos - Uno de ustedes podrá pedirme un deseo. Tendrá que elegir entre: - La belleza eterna, todo el dinero del mundo o La sabiduría perfecta. Los profesores eligieron al doctor Alexander Shell, el más respetado del grupo, para que formulase el deseo. - Deseo tener: ¡la sabiduría perfecta!- ¡Hecho! Gran nube de humo y el genio desaparece. El profesor Shell permaneció pensativo. - ¿Qué piensa, doctor? - ¡Pienso que tendría que haber elegido el dinero...!', 24, '2020-04-21 23:29:15'),
(184, 'Una señora le grita al mesero:\n-¡Óigame, lo he estado llamando más de mil veces! \n¿Acaso no tiene orejas?\n-¡Naturalmente, señora! \n¿Cómo las quiere? ¿Picadas o en salsa de tomate?', 23, '2020-04-21 23:30:07'),
(185, 'En un restaurante, el mesero le pregunta al cliente qué desea ordenar y éste le contesta que un filete.\n El mesero le aclara que en ese restaurante es obligatorio pedir sopa.\n-Pero yo no quiero sopa, sólo deseo un filete y nada más.\n-Lo siento, señor, pero éste es un restaurante especializado en sopas, y si come aquí tiene que pedirla.\n-Insisto: yo sólo quiero un filete; sopa no.\n-Lamento repetirle, señor, que en este restaurante hay que pedir sopa.\n-Está bien, tráigame la sopa.\n-Lo siento, pero no nos queda sopa.', 23, '2020-04-21 23:30:50'),
(186, 'Le dice Pepito a su madre:\n- Mamá se ha terminado el champú.\n- Bueno Pepito pues usa el mío entonces.\n- No puedo.\n- ¿Por qué?\n- Porque pone que es para cabello seco y yo ya me lo he mojado.', 22, '2020-04-21 23:31:20'),
(187, '- Pepito, ¿tú rezas antes de comer?\n- No, seño, mi madre es muy buena cocinera.', 22, '2020-04-21 23:31:32'),
(188, '- Pues ya he conseguido que mi novio me hable de matrimonio, después de haber estado saliendo seis años.\n- Ah, si? Y que te ha dicho?\n- Que tiene esposa y tres niños.', 21, '2020-04-21 23:32:09'),
(189, '- Hola buenas, venia a pedir la mano de su hija.\n- ¿Ha visto ya a mi mujer?\n- Si, pero prefiero a su hija...', 21, '2020-04-21 23:32:19'),
(190, 'No es lo mismo el cuarto poder, que poder llegar al cuarto.', 20, '2020-04-21 23:32:50'),
(191, 'No es lo mismo decir huevos de pescado, que pescado de los huevos.', 20, '2020-04-21 23:32:57'),
(192, '¿Qué tipo de coches lleva Santa Claus?\n¡Un Renol!', 19, '2020-04-21 23:33:17'),
(193, '- Mamá, si Dios nos da de comer, la cigüeña trae a los niños\nde París y Santa Claus y los Reyes Magos nos traen los regalos...\n¿me quieres decir entonces para qué servís papá y tú?', 19, '2020-04-21 23:33:38'),
(194, 'Una vez un hombre se encuentra con una lámpara, la frota y sale un genio:\n- Puedes pedir 3 deseos pero ten en cuenta que de todo lo que pidas tu mujer recibirá el doble.\nEl hombre pide un coche y su mujer recibe dos coches.\nDespués el hombre pide ser millonario y su mujer recibe el doble.\nFinalmente el hombre piensa un rato y le pide al genio:\n- Dame una paliza hasta que me quede medio muerto.', 18, '2020-04-21 23:35:07'),
(195, '-¿Y cuando fue que conociste a tu esposa?\n-¡Cuando estuvimos en el proceso de separación!', 18, '2020-04-21 23:35:25'),
(196, '¿Qué hace una mujer afuera de la cocina? \nExplora nuevos mundos.', 17, '2020-04-21 23:35:55'),
(197, '¿Sabes cuál es la similitud entre una mujer y una computadora?\n En que no tienen cerebro pero, ah que memoria tienen.', 17, '2020-04-21 23:36:16'),
(198, '¿En qué se parecen los hombres a los autobuses?\n- En que nunca llega el que una necesita.', 16, '2020-04-21 23:36:43'),
(199, '¿Qué tienen en común los hombres y los espermatozoides?\n- Que de millones, sólo sirve uno.', 16, '2020-04-21 23:36:52'),
(200, '- Mamá, en el colegio nadie quiere hablar conmigo...\n¡Mamáaa! ¿Adónde vas? ¡Mamáaa! ¡Vuelveee!', 15, '2020-04-21 23:37:20'),
(201, '- ¡Mamá, mamá! ¡En el colegio me llaman mentiroso!\n- ¡Cállate hijo, si tu no vas al cole!', 15, '2020-04-21 23:37:30'),
(202, 'Jaimito a su madre:\n- Mamá, mamá, esta noche no me esperes.\n-¿¿Por qué, Jaimito??\n- Por que ya he llegado.', 14, '2020-04-21 23:38:13'),
(203, 'La señorita le pregunta a Jaimito:\n- Jaimito, dime cinco clases de animales que vivan en África.\n-Pues... un león... y... cuatro elefantes.', 14, '2020-04-21 23:38:26'),
(204, '¿En qué se parece un boxeador a un telescopio? \nLos dos hacen ver estrellas.', 13, '2020-04-21 23:38:52'),
(205, '¿n qué se parecen un actor y un camión.\nEn que el actor hace teatro y el camión teatro-pella.', 13, '2020-04-21 23:39:03'),
(206, '- Doctor, me duele esta pierna.\n- Eso es cosa de la edad.\n- Ya, doctor, pero la otra pierna tiene la misma edad y no me duele...', 12, '2020-04-21 23:40:17'),
(207, '- Doctor, ¿cómo está mi marido?\n- Muy bien señora, ha pasado ya a planta.\n- ¿¿¿Y ahora hay que regarlo???', 12, '2020-04-21 23:40:32'),
(208, 'Un señor entra en una tienda de deportes y dice:\n- Oiga, ¿tiene pelotas para jugar al tenis?\n- Sí.\n- Pues le espero mañana a las ocho.', 11, '2020-04-21 23:40:58'),
(209, '¿Por qué Messi no bautiza a sus hijos? Porque se volverían Cristianos.', 11, '2020-04-21 23:41:26'),
(210, 'Un confuso usuario de IBM tenía problemas para imprimir sus documentos. \nLe comentó al técnico de atención online que su ordenador decía no puedo encontrar la impresora\nIncluso he girado el monitor hacia la impresora pero el ordenador sigue sin poder ver la impresora.', 9, '2020-04-21 23:43:01'),
(211, 'Una consultora informática, que estaba ayudando a un hombre a configurar su ordenador,\nle pregunta qué palabra le gustaría utilizar como contraseña para entrar en su sistema. \nCon la intención de ponerla en una situación embarazosa, \néste le dice que escriba PENE con mayúsculas.\nElla, sin inmutarse ni decir una palabra, introduce la contraseña. \nDe pronto, la chica casi se muere de la risa ante la respuesta del ordenador:\n\"Contraseña rechazada. No es suficientemente larga\".', 9, '2020-04-21 23:43:44'),
(212, '¿Cómo salir del desierto con una naranja?\n La naranja tiene vitaminas, a vitaminas le quitas vita y te queda minas, \nlas minas explotan y se produce un terremoto, \nal terremoto le quitas terre y te queda moto\nte subes a la moto y te vas.', 8, '2020-04-21 23:45:04'),
(213, '¿Qué pasa si juntas una moto y un chicle?\nSe forma una motochicleta.', 8, '2020-04-21 23:45:17'),
(214, '¿Cuál es el colmo de un relojero? \nQue la chica que le gusta no le dé ni la hora.', 7, '2020-04-21 23:45:54'),
(215, '¿Cuál es el colmo de un paracaidísta? \nQue cuando esté llegando a tierra se encuentre un cartel que dice, no pisar el cesped', 7, '2020-04-21 23:46:23'),
(216, 'Yo no sé qué me pasa, que me gustan todas las mujeres menos la mía. \n¡Bah! No te preocupes que a mí me pasa lo mismo, \nme gustan todas las mujeres menos la tuya.', 6, '2020-04-21 23:46:48'),
(217, 'Un ratero va por la calle y le dice a su amigo (también ratero): \nEres un ratero, pero de esos rateros ratas. \nAl otro día el ratero le dice: ¡Tenías razón, me gusta el queso!', 6, '2020-04-21 23:47:09'),
(218, 'Primer acto: Un dinosaurio consumiendo heroína. \nSegundo acto: Un dinosaurio consumiendo cocaína. \nTercer acto: Un dinosaurio consumiendo marihuana. \n¿Cómo se llama la obra? \nDi no a las drogas.', 5, '2020-04-21 23:48:08'),
(219, 'Primer acto: Sale un enano diciendo muchas groserías. \nSegundo acto: Sale el mismo enano diciendo más groserías. \nTercer acto: Sale el mismo enano diciendo más groserías.\n¿Cómo se llama la obra? Vulgarcito.', 5, '2020-04-21 23:50:11'),
(220, 'Entra un borracho a una cafetería y dice, celebrando, con voz balbuceante: ¡Feliz año nuevo! A lo que una dama le contesta: \n¿Feliz año nuevo? ¿En pleno abril? Y dice el borracho:\n¿Ya estamos en abril? ¡Ay, mi mujer me va a matar, nunca había llegado tan tarde!', 4, '2020-04-21 23:52:23'),
(221, 'Entra un borracho a una cantina y grita: ¿Quién se cree muy gallo? \nTodos los que estaban dentro se quedan callados, pasa un rato y después de varias copas grita de nuevo. \n¿Quién se cree muy gallo? Y se para un vaquero de 1.90 de estatura y le dice: Yo, yo me creo muy gallo, \n¿Por qué? Y le contesta el borracho: No pues, no más para que me despierte a las 05:00 am de la mañana.', 4, '2020-04-21 23:54:34'),
(222, '¿Qué le dice una cereza a un espejo?\n- ¿Zere eza?', 25, '2020-04-22 00:30:13'),
(223, '¿Cómo se dice comida rápida en chino?\nYatá.', 25, '2020-04-22 00:30:23'),
(224, 'Un chiquillo se acerca a su profesor:\n-Profe, profe: Jaimito me ha mandado al diablo.\n-¿Y tú qué has hecho?\n-He venido a verle.', 24, '2020-04-22 00:31:02'),
(225, 'La profesora le pregunta a Pepito:\n-Pepito, voy a hacerte una pregunta muy difícil, a ver si la sabes. \n¿Para ti quiénes son más inteligentes, los animales o los seres humanos?\n-Los animales, señorita.\n-¿Estás seguro, Pepito?\n-¡Pues claro! Cuando yo le hablo a mi perro él me entiende, \ny en cambio cuando me ladra, yo no lo entiendo a él.', 24, '2020-04-22 00:31:29'),
(226, '– Yo quiero estudiar medicina, pero mi padre se opone. \nDice que nadie vendrá a consultarme. Todo por culpa de mi nombre.\n-¿Pues cómo te llamas?\n-Eduardo T. Mata.', 24, '2020-04-22 00:31:57'),
(227, 'En el consultorio de un médico:\n-Doctor, trabajo como mula, me alimento como pajarito y me siento como gusano. \n-¿Qué me aconseja?\n-Que consulte a mi veterinario', 24, '2020-04-22 00:32:14'),
(228, '- Pepito, ¿cómo ha ido el juicio?\n- El juez ha dicho que 5 años de cárcel o 95 mil euros.\n- Tú no seas tonto, ¡coge el dinero!', 22, '2020-04-22 00:43:57'),
(229, 'La señorita le pregunta a Pepito: \n- Pepito, ¿para qué sirve la madera?\n- ¿Para hacer los árboles?', 22, '2020-04-22 00:44:09'),
(230, 'Un chico habla con su novia:\n- ¡Oye tu padre es el que me tiene por medio tonto!\n- No te preocupes, hombre, es que solo te conoce a medias.', 21, '2020-04-22 00:45:31'),
(231, 'Una madre a su hija:\n- Hija mia... dicen las vecinas que te estás acostando con tu novio!\n- Mami, la gente es tan chismosa… Una se acuesta con uno cualquiera y ya les da por decir que es el novio.', 21, '2020-04-22 00:46:14'),
(232, 'No es lo mismo decir la cómoda de tu hermana \nque acomódame a tu hermana', 20, '2020-04-22 00:47:21'),
(233, 'No es lo mismo decir \"mi auto Mercedes Benz\" \nque \"Mercedes, ven a mi auto\".', 20, '2020-04-22 00:47:42'),
(234, 'Dos niños están preparando el Árbol de Navidad y uno le dice al otro:\n- Avísame si se encienden las luces.\nY el otro le contesta:\n- Sí… no… sí… no.', 19, '2020-04-22 00:48:04'),
(235, 'Dos niños se van al bosque a buscar un pino para Navidad.\nDespués de dos horas de búsqueda, una le dice a la otra:\n- ¡Bueno, ya es suficiente! \nEl próximo pino que veamos lo cogemos, ¡tenga o no tenga bolas de Navidad!', 19, '2020-04-22 00:48:30'),
(236, '-Lo que su esposo necesita es descanso absoluto, completa paz, relajación absoluta. \nAquí están estas pastillas, son para que duerma 12 horas seguidas.\n-Bueno doctor y ¿cómo se las doy?\n-No señora, ¡las pastillas son para usted!', 18, '2020-04-22 00:49:04'),
(237, 'En medio de la discusión la esposa le grita a su marido:\n-¡Ja! ¡Dime algo que no sepa!\nY el hábilmente le responde:\n-¡Estacionar!', 18, '2020-04-22 00:49:22'),
(238, '¿Por qué las mujeres se tardan tanto en arreglarse y siempre llegan tarde? \nPorque lo mejor siempre llega al último.', 17, '2020-04-22 00:49:52'),
(239, '¿Por qué las mujeres usan zapatos altos? \nPorque quieren estar a la altura del hombre.', 17, '2020-04-22 00:50:02'),
(240, 'Se le acerca un Hombre a una señorita en una fiesta y le dice: - ¿Bailamos? \n- Claro. ¿Pero quién saca a mi amiga? \n- Ahhh, por eso no te preocupes. ¡SEGURIDAAAAD!', 16, '2020-04-22 00:50:50'),
(241, 'Los hombres son como los baños, \nestán inservibles o están ocupados.', 16, '2020-04-22 00:51:05'),
(242, '- Papá, papá, la profesora hizo una pregunta \ny yo fui el único que levantó la mano.\n- ¿Y qué preguntó?\n- ¿Quién no hizo la tarea?', 15, '2020-04-22 00:51:40'),
(243, '-¡Mamá!, ¡mamá!, en el colegio me dicen: \"jabón en polvo\"\n- No te preocupes, Ariel.', 15, '2020-04-22 00:51:53'),
(244, 'La mamá de Jaimito le dice:\n- ¡Jaimito, aléjate de la jaula del león!\n- ¡No te preocupes, mamá! \n- ¡No le voy a hacer nada!', 14, '2020-04-22 00:53:20'),
(245, '- Jaimito, conjuga el verbo andar.\n- Yo... yo ando... Tú... tú andas.\n- ¡Más deprisa!\n- Él corre, nosotros corremos, ellos corren.', 14, '2020-04-22 00:53:38'),
(246, '¿En qué se parece un divorcio a un secuestro ? \nEn que en ambos te piden dinero y te amenazan con nunca ver a tu familia', 13, '2020-04-22 00:54:10'),
(247, '¿En qué se parece el papel Higienico a la campana ?\nEn que la cmapana hace tilín, tilín y el papel higienico tilímpia', 13, '2020-04-22 00:54:18'),
(248, '- Esta tarde voy a a llevar a mi hijo al oculista.\n- ¿Ah sí? ¿Y cómo es eso?\n-¡Porque no puede ni ver los libros de texto!', 12, '2020-04-22 00:54:47'),
(249, '- Doctor, soy asmático. ¿Es grave?\n- No, amigo, ¡es esdrújula!', 12, '2020-04-22 00:55:03'),
(250, 'Mi doctor me aconsejó renunciar a jugar fútbol. \n¿Por qué, estas enfermo? \nNo, él me ha visto como juego.', 11, '2020-04-22 00:55:45'),
(251, '¿Por qué el balón de fútbol se fue del equipo?\n Estaba cansado de ser pateado.', 11, '2020-04-22 00:56:00'),
(252, '¿Diferencias entre un virus y Windows?\n Los virus raramente fallan.', 9, '2020-04-22 00:56:31'),
(253, 'Me encanta cuando me doy cuenta de que he pulsado el bloq mayús', 9, '2020-04-22 00:57:20'),
(254, '- ¿Te corto la pizza en 4 o en 8?\n- En 4, no creo que me vaya a comer los 8.\n- Vale.', 8, '2020-04-22 00:57:56'),
(255, 'Le dice un camarero al cliente:\n- Señor, le aconsejo la sopa del día.\n-Pero ¿de qué día es?', 8, '2020-04-22 00:58:18'),
(256, '¿Cuál es el colmo de un electricista? \nQue llegue al cine, y vea puros cortos.', 7, '2020-04-22 00:58:57'),
(257, '¿Cuál es el colmo de un gallo? \nCantar y no ser artista.', 7, '2020-04-22 00:59:09'),
(258, 'Un día entra una persona y le dice a su amigo: Estoy preocupado. \n¿Por qué? Le pregunta el amigo. \nMi mujer me juró que no me volvería hablar durante 30 días.\nPero eso no es tan grave. \nClaro que sí, es que hoy termina el plazo.', 6, '2020-04-22 00:59:55'),
(259, 'Unos amigos van caminando por la calle y uno dice: Compadre, \nmire esa belleza de mujer.\n ¡Y pensar que antes me perseguían! \n¿De verdad? ¿Y ya no?\nNo. ¿Por qué?\n¡Porque ya no robo carteras!', 6, '2020-04-22 01:00:48'),
(260, 'Primer acto: Lito tiene 40º de fiebre. \nSegundo acto: Lito tiene 39º de fiebre. \nTercer acto: Lito tiene 37º de fiebre. \n¿Cómo se llama la obra? \nMejoraLito.', 5, '2020-04-22 01:01:22'),
(261, 'Primer acto: Una cama de bambú $50.000 pesos \nSegundo acto: Una cama de madera $100.000 pesos \nTercer acto: Una cama de hierro $600.000 pesos \n¿Cómo se llama la obra? \nLa más-cara de hierro', 5, '2020-04-22 01:01:53'),
(262, 'El marido llega a su casa al amanecer, lo espera su mujer en la puerta,\nestá borracho y con manchas de lápiz de labios. \nSupongo que hay una razón para que llegues a las seis de la mañana. \nSí, el desayuno.', 4, '2020-04-22 01:02:35'),
(263, 'Llega un borracho a su casa gritando a su mujer:\n-¡Vieja, escuché que me engañas con un policía, quiero que me digas si es cierto!\nY la esposa le contesta:\n-Negativo 10 40...', 4, '2020-04-22 01:03:07'),
(264, '¿Cómo se dice oculista en japonés?\nDr. Temiro Lozojo.', 25, '2020-04-22 01:03:54'),
(265, '¿Cómo se dice bombero en japonés?\nAtaka layama.', 25, '2020-04-22 01:04:04'),
(266, 'La maestra le pregunta:  - Jaimito, ¿cuánto es 4+4? debe ser 9, ¿o no?\r\n- Mal Jaimito, y ahora tienes 9 días fuera del colegio.  - A ver Fernandito, ¿cuánto es 10+5? 15 señorita.\r\n- Muy bien Fernandito, por haber contestado bien tienes 15 días de vacaciones. \r\nDe pronto la maestra notó que Jaimito reía sin parar, y le preguntó: - ¿Por que ríes tanto? - Es que Fernandito es tonto maestra.\r\n- ¿Por que, si el contestó correctamente? - Es que si hubiera contestado 365, ¡se hubiera ganado todo un año de vacaciones!', 24, '2020-04-22 01:06:44'),
(267, 'La profesora pregunta a los niños acerca de la profesión de las mamás de cada uno: A ver Juanito , de que trabaja tu mamá? Juanito: mi mamá es modista haber: Pedrito, de que trabaja tu mamá? Pedrito: mi mamá es panadera A ver Jaimito, de que trabaja tu mamá? Jaimito: mi mamá es sustituta Profesora: pero Jaimito, qué es eso de sustituta? Jaimito: es que mi mamá se acuesta con todos los hombres que entran en mi casa. Profesora: mira, Jaimito, eso es prostituta Jaimito: no , profesora, la prostituta, es mi tía, mi madre solo la sustituye.', 24, '2020-04-22 01:07:07'),
(268, 'Una anciana entra a una farmacia y le pregunta al dependiente:\n-¿Qué tiene usted para las canas?\n-Un gran respeto, señora – contesta amablemente el empleado.', 23, '2020-04-22 01:07:47'),
(269, 'Un médico le diagnostica a su paciente una enfermedad mortal, y el desahuciado pregunta:\n-Doctor, ¿Me queda un año de vida?\n-Menos.\n-¿Un mes?\n-No.\n-¿Una semana?\n-Tampoco – contesta el médico, tratando de mantener la calma.\n-¿Entonces cuánto?\n-Diez, nueve, ocho, siete, seis…', 23, '2020-04-22 01:08:00'),
(270, 'La señorita le pregunta a Pepito:\n - Pepito, ¿cuántas toneladas pesa el planeta Tierra?\n- ¿Con gente o sin gente?', 22, '2020-04-22 01:08:25'),
(271, '- Pepito, ¿qué debo hacer para repartir 11 patatas entre 7 personas?\n- Puré de patata, seño.', 22, '2020-04-22 01:08:40'),
(272, 'La novia envía un whatsApp a su novio con el siguiente mensaje:\n-Si estas durmiendo mándame tus sueños. \nSi estas riendo mándame tú sonrisa. \nSi estas llorando mándame tus lágrimas. ¡TE AMO!\nEl novio le responde:\n- Estoy en el baño? ¿Qué hago?', 21, '2020-04-22 01:09:31'),
(273, 'Estaba una pareja de novios a punto de hacer el amor por primera vez, cuando ella le pregunta a él:\n- Cariño, ¿y tú eres bueno en la cama?\n- ¡Claro que sí! ¡Duermo 12 horas todos los días !', 21, '2020-04-22 01:09:43'),
(274, 'No es lo mismo decir Bartolome De Las Casas, \nque Meo del Bar a la Casa.', 20, '2020-04-22 01:54:19'),
(275, 'No es lo mismo decir Santo tomas de Aquino, \nque aquí nomas no lo tomamos.', 20, '2020-04-22 01:55:12'),
(276, '¿Qué le regaló Batman a su madre por Navidad?\nUna BAT-idora.', 19, '2020-04-22 02:02:42'),
(277, 'Un juez prometió ser tolerante esta Navidad y le pregunta al acusado:\n- Señor, ¿de qué se le acusa?\n- De haber hecho mis compras navideñas con anticipación.\n- Hombre, pero eso no es un delito. ¿Con cuánta anticipación las compró usted?\n- Antes de que abrieran la tienda.', 19, '2020-04-22 02:02:55'),
(278, 'La esposa le pregunta al esposo:\n-Mi amor, si un león nos atacara a mi madre y a mí \n¿a quién salvarías primero?\n-Pues, ¡al león!', 18, '2020-04-22 02:03:39'),
(279, 'El esposo está concentrado leyendo el acta de matrimonio que firmó hace ya 13 años con su esposa. \nAl verlo tan concentrado la mujer le pregunta:\n-¿Qué haces leyendo el acta de matrimonio mi amor?\n-¡Estoy buscando a ver si esto tiene fecha de vencimiento!', 18, '2020-04-22 02:03:58'),
(280, '-¿En qué se parecen las mujeres a los semáforos?\n-Que a partir de las 12 nadie las respeta.', 17, '2020-04-22 02:05:02');
INSERT INTO `chistes` (`id_chiste`, `chiste`, `id_categoria`, `fecha`) VALUES
(281, 'Esta es una mujer que sabiendo las tacañerías de su marido le dice casi suplicándole: \nMi amor, ¿cuándo me vas a comprar un vestido de noche? \nEl esposo con la intención mínima de gastar ni un centavo, \nle dice: ¡Cuántas veces te voy a decir que las tiendas no están abiertas de noche!', 17, '2020-04-22 02:05:41'),
(282, '¿En qué se parecen los hombres a los delfines? \nEn que se dice que son inteligentes pero nunca se ha comprobado.', 16, '2020-04-22 02:24:47'),
(283, '¿Hombre cómo es que sales con Juana, con lo fea que es? \nEs que tiene algo distinto que no había notado en ninguna mujer. \n-¿Y que es? Que quiere salir conmigo.', 16, '2020-04-22 02:25:11'),
(284, 'El niño le dice a su mamá:\n- Mamá, mamá en el cole me dicen pato!\n- Cua-cua-cua-cualquiera se da cuenta, hijo', 15, '2020-04-22 02:25:59'),
(285, '- ¡Mamá, mamá! ¡En la escuela me dicen el Chapulín Colorado!\n- ¡Lo sospeché desde un principio!', 15, '2020-04-22 02:26:10'),
(286, 'Le dice el padre a Jaimito:\n- ¡Hijo mío, me están saliendo muy caro tus estudios!\nY Jaimito le contesta:\n- ¡¡Y eso que ni estudio!!', 14, '2020-04-22 02:26:45'),
(287, 'Jaimito a la profesora:\n- ¡Que quede claro, señorita! \n¡¡Cualquier parecido entre mi trabajo y Wikipedia es pura coincidencia!!', 14, '2020-04-22 02:27:06'),
(288, '¿En qué se parece Cristiano Ronaldo y Pinocho?\nEn que los dos son de Madeira', 13, '2020-04-22 02:27:33'),
(289, '- Doctor, doctor, ¿usted cree que mi marido perderá el ojo?\n- No lo sé, yo se lo he metido en el bolsillo.', 12, '2020-04-22 02:28:28'),
(290, '- Doctor, doctor, ¿después de la operación podré tocar la guitarra?\n- Sí, perfectamente.\n- ¡¡Genial, es que antes no sabía!!', 12, '2020-04-22 02:28:37'),
(291, 'Se topan dos amigos y uno le cuenta a otro: Ay, yo tengo un equipo de fútbol y mi portero se suicidó. \nEl otro le pregunta: ¿Pero, por qué? En el último partido perdimos 5 a 0 y los goles fueron 2 de penal, 2 de tiro libre y 1 de tiro de esquina, y no resistió. \nPero el amigo le replica: ¿Sólo por eso se mató? ¿Y cómo fue? De un tiro de esquina.', 11, '2020-04-22 02:29:50'),
(292, 'A propósito de Francia 98 un niño observa curiosamente a un gordo que está al lado y le pregunta: Señor,\n ¿Verdad que a usted lo invitaron a Francia 98 para servir de ejemplo como el futbolista del futuro? \nY el gordo halagado le responde: No pequeño, ¿Por qué lo dices? El niño le toca la barriga y le dice: \n¡Pues porque usted ya trae el balón incorporado!', 11, '2020-04-22 02:30:27'),
(293, '¿Sabes quién es la patrona de los informáticos? \nSanta Tecla.', 9, '2020-04-22 02:31:19'),
(294, 'Una vez un programador se ahogó en el mar. \nMuchos marineros estuvieron en ese momento en la playa, \npero el programador estuvo gritando: ?\nF1, F1? y nadie le entendió.', 9, '2020-04-22 02:31:38'),
(295, '¿Qué hay que hacer para que el pan hable?\nLo dejas una noche en remojo y al día siguiente está blando.', 8, '2020-04-22 02:32:07'),
(296, '- ¿Cuál es tu plato preferido?\n- El hondo, porque cabe más comida.', 8, '2020-04-22 02:32:16'),
(297, '¿Cuál es el colmo de un policía?\nDenunciar a un huracán por exceso de velocidad.', 7, '2020-04-22 02:32:41'),
(298, '¿Cuál es el colmo de un inmortal?\n No sé, ¿Cuál es? \nQue le pongan cadena perpetua.', 7, '2020-04-22 02:33:03'),
(299, 'Un señor iba paseando por la calle cuando se encuentra a un amigo y éste lo saluda: ¡Hola! ¿Cómo te ha ido? Bien, gracias. Oye, ¿Tendrás un cigarro que me regales? Claro, aquí tienes. El amigo se lo da, y antes de que se fume el cigarrillo, el señor se toma una pastilla y después procede a fumarse el cigarrillo. El amigo dudoso, pregunta: ¿Y para qué sirve esa pastilla? ¡Ah! Sirve para que se me quiten las ganas de fumar. ¡Pero si estás fumando! Claro, pero sin ganas.', 6, '2020-04-22 02:33:37'),
(300, 'Primer acto: El diablo va al baño. \nSegundo acto: El diablo va al baño. \nTercer acto: El diablo va al baño. \n¿Cómo se llama la obra?\nEl diablo anda suelto.', 5, '2020-04-22 02:34:12'),
(301, 'Primer acto: Sale un señor vendiendo tortas.\nSegundo acto: Sale el mismo señor vendiendo tortas. \nTercer acto: Sale el mismo señor vendiendo tacos. \n¿Cómo se llama la obra? El Extortista.', 5, '2020-04-22 02:34:43'),
(302, 'Conversan dos amigas:\n- Chica, la verdad es que esto del matrimonio no es lo que esperaba, estoy muy desilusionada...\n- ¿Por qué lo dices?\n- Fíjate que desde dos noches antes de la boda Paco no me ha vuelto a hacer el amor.\n- Eso es horrible... ¡deberás pedir el divorcio!\n- ¡Pero si Paco no es mi marido!', 18, '2020-04-22 02:36:29'),
(303, 'Entra un borracho en una comisaría: \n¿Podría ver al que robo en mi casa ayer? \n¿Y para qué lo quiere ver? \nPara saber cómo entró sin despertar a mi mujer.', 4, '2020-04-22 02:37:12'),
(304, '¿Qué le dice una oreja a la otra?\n- Con tanta cera y no brillamos.', 25, '2020-04-22 02:38:00'),
(305, '¿Qué le dice una silla rica a una pobre?\n- ¡Pobresilla!', 25, '2020-04-22 02:38:08'),
(306, 'En la facultad de medicina y ante un cadáver, el profesor le pregunta a un estudiante:\n- ¿Cuál ha sido la causa de la muerte de este individuo?\nEl alumno se pone a examinar el cuerpo, ve que tiene numerosas puñaladas en el tórax y responde:\n- Ha muerto de muerte natural. - ¿Cómo que de muerte natural?¿Usted no ha visto las puñaladas?\n- Hombre...es que con esas puñaladas lo natural es que se muera.¡Digo yo!', 24, '2020-04-22 02:39:19'),
(307, 'Jaimito, ¿cuál sería el futuro del verbo robar?\n-¡Pues la cárcel profesora!.', 24, '2020-04-22 02:40:08'),
(308, 'El psiquiatra examina a su paciente:\n-¿Qué pasaría si le cortará la oreja izquierda?\n-Pues dejaría de oír – responde el paciente.\n-¿Qué pasaría si también le cortó la oreja derecha?\n-Entonces no podría ver, doctor.\n-¿Cómo que no podría ver si le cortó ambas orejas?\n-Claro, porque sin orejas el sombrero se me hundiría y me taparía los ojos.', 23, '2020-04-22 02:40:35'),
(309, 'Un señor en el restaurante:\n-Mesero, yo le pedí pollo y lo que usted me trajo fue gallina.\n-¿Y cómo sabe que es gallina? – pregunta el mesero.\n-Por los dientes.\n-¡Pero si las gallinas no tienen dientes!\n-¡Cierto, las gallinas no pero yo sí!', 23, '2020-04-22 02:40:44'),
(310, '- Niños, copien los deberes.\nY Pepito le dice:\n- No seño, mejor súbala a Facebook y nos etiqueta. Ja, ja, ja.', 22, '2020-04-22 02:41:39'),
(311, 'LLega Pepito a su casa y le dice a su madre:\n- Mamá, no me esperes esta noche.\n- ¿Por qué, Pepito? ¿A dónde vas a ir?\n- ¡Porque ya llegué!', 22, '2020-04-22 02:41:56'),
(312, 'Una pareja de novios salen a cenar, en el restaurante; El le dice a ella:\n- Mira, la chica del vestido rojo me está sonriendo.\n- ¡Ya! La primera vez que te vi, yo también me moria de risa.', 21, '2020-04-22 02:42:40'),
(313, 'Una pareja sale de casa y se encuentran a un borracho tirado en el suelo, y ella le dice al marido:\n-Mira, ese de ahí fue mi novio, cuando lo dejamos hace diez años comenzó a beber.\n-¡Increíble, nunca había visto a un tipo celebrar tanto!', 21, '2020-04-22 02:42:57'),
(314, 'No es lo mismo huele a traste que atrás te huele', 20, '2020-04-22 02:43:17'),
(315, 'No es lo mismo estar dormido que estar durmiendo,\nporque no es lo mismo estar jodido que estar jodiendo', 20, '2020-04-22 02:43:39'),
(316, '- Papá, papá, ¿qué me vas a regalar por Navidad?\n- ¿Qué te regalé el año pasado?\n- Un globo.\n- Pues este año, ¡te lo inflo!', 19, '2020-04-22 02:44:07'),
(317, 'Un niño le dice a Papa Noel:\n- Si el estudiar es un camino…, el copiarse es un atajo, ¿no?', 19, '2020-04-22 02:44:32'),
(318, 'La esposa, muy decepcionada le dice a su egoísta esposo:\n-¡Solo piensas en ti!\nY él contesta:\n–¿Y eso en qué me afecta?', 18, '2020-04-22 02:47:00'),
(319, 'La enojada esposa le dice al esposo:\n-¡Elige! ¡o la Playstation o yo!\n-¡TONTA! ¡CUIDADO QUE PISAS EL CABLE…!!', 18, '2020-04-22 02:47:23'),
(320, 'Le pregunta un hombre a otro: \n¿Qué harías tú para que una mujer se amanezca riendo el lunes?\n Y le dice el otro: ¿Qué tengo que hacer? \nY el otro le dice: Mira, le cuentas un chiste el sábado, \nlo analiza el domingo y se amanece riendo el lunes.', 17, '2020-04-22 02:48:37'),
(321, 'Esta era una chica, que estaba indecisa, porque no sabía con cuál de los dos pretendientes casarse. Uno es un contador, y el otro es un militar. \nAl verse con la duda, le pregunta a su madre: ¿Con cuál de los dos me caso, mamá? No lo pienses dos veces hija. Cásate con el militar, que es el que te conviene. \n¿Por qué dices eso, mamá? Mira, ellos, se levantan temprano, arreglan la cama, hacen su desayuno, y además reciben órdenes.', 17, '2020-04-22 02:48:58'),
(322, 'En el gimnasio: Un hombre de unos 63 años le pregunta al entrenador  \n¿Qué máquina debo usar para lograr impresionar a una chica de 30? \nEl entrenador se queda mirándolo le y dice... \nLe recomiendo el cajero automático....', 16, '2020-04-22 02:50:08'),
(323, '¿Sáben en qué se parecen los hombres a una televisión? \nEn que los podemos cambiar cuando nosotros queramos.', 16, '2020-04-22 02:50:22'),
(324, '- Mamá, mamá... ¿Por qué te casaste con papá?\n- Por tu culpa, hija. Por tu culpa...', 15, '2020-04-22 02:50:46'),
(325, '- Mamá, mamá... ¿Puedo ir a una fiesta de 15 años?\n- No, nene, es demasiado larga.', 15, '2020-04-22 02:50:53'),
(326, '- Mamá, mamá, ¿puedo usar tu coche?\n- ¡No sin mi supervisión, Jaimito!\n- ¡¡Uyy, perdón por no tener superpoderes como tú!!', 14, '2020-04-22 02:51:28'),
(327, '- A ver, Jaimito, dime el nombre de un descubridor.\n- Pues usted, profesor.\n- ¿Por qué yo, Jaimito?\n- Porque cada vez que pregunta algo, ¡descubre que no sabemos nada!', 14, '2020-04-22 02:51:46'),
(328, '¿En qué se parece un avión y un huevo?\nEn que los dos se estrellan', 13, '2020-04-22 02:52:18'),
(329, '- Doctor, hace más de tres días que no como, no duermo y no bebo. ¿Qué tengo?\n- Pues usted lo que tiene es sueño, hambre y sed.', 12, '2020-04-22 02:52:40'),
(330, 'Un dentista a su paciente:\n- ¿Quiere usted que le duerma las muelas?\n- Bueno, con tal de que se despierten antes de la hora de comer.', 12, '2020-04-22 02:52:51'),
(331, 'Un arquero era tan malo que sus compañeros le habían dicho que si le metían más de diez goles, lo iban a fusilar (obviamente era una broma) Entonces, el día del partido le meten más de veinte goles. Al ver esto sus compañeros lo amarran a un poste para fusilarlo y le dicen que pida el último deseo, entonces el pobre, muerto de susto dice: ¡Quiero una barrera!', 11, '2020-04-22 02:53:23'),
(332, 'Un niño y su padre están mirando atletismo por la tele y el hijo le pregunta:\n ¿Por qué corren estos hombres, papá? \nPorque al primero le dan un premio, le responde el padre. \nY el niño dice: ¿Y los demás por qué corren?', 11, '2020-04-22 02:53:40'),
(333, '¿En qué se parece un PC a un teclado?\nEn que los dos se conectan.', 9, '2020-04-22 02:55:15'),
(334, '- Yo, si quiero, puedo estar 10 días sin comer.\n- ¿Y cómo lo haces?\n- ¡Pues como por la noche!', 8, '2020-04-22 02:55:48'),
(335, '¿Cuál es el colmo de un plomero? \nLlegar a su casa y encontrar a su esposa con tubos en la cabeza.', 7, '2020-04-22 03:01:24'),
(336, '¿Cuál es el colmo de un gallo? \nQue se le ponga la piel de gallina.', 7, '2020-04-22 03:01:34'),
(337, 'Dos amigos que se encuentran en la calle y dice uno: \n¿Qué te ha pasado Fernando? \nDice el otro: Pues que iba con la moto muy rápido y, \n¿te acuerdas del edificio, ese que ponía se traspasa? \nSí Pues que no es verdad. ¡No se puede traspasar!', 6, '2020-04-22 03:02:31'),
(338, 'Primer acto: Un pelo en el agua de un señor. \nSegundo acto: Dos pelos en la leche del mismo señor. \nTercer acto: Tres pelos en el café del mismo señor. \n¿Cuál es el nombre de la obra? \nMe han tomado el pelo.', 5, '2020-04-22 03:04:41'),
(339, 'Primer acto: Un señor se mete a un río y sale negro. \nSegundo acto: Otro señor se mete al río y sale negro. \nTercer acto: Otro señor se mete al río y sale negro. \n¿Cómo se llama la obra?\nEl río deja neiro.', 5, '2020-04-22 03:05:57'),
(340, '¿Qué le dice un techo a otro techo?\n- Techo de menos.', 25, '2020-04-22 03:09:50'),
(341, '¿Qué le dice un ojo a otro ojo?\n- Estamos separados por narices.', 25, '2020-04-22 03:10:03'),
(342, 'La maestra le dice a Jaimito:\n-Jaimito si escribo \"en estas vacaciones me aburrí mucho\", ¿que falta ves?\n-Que no tuvo novio, señorita', 24, '2020-04-22 03:10:54'),
(343, 'La profesora está preguntando a los alumnos que quieren ser de mayores: \n- A ver Pablito, ¿tú que quieres ser de mayor? - Yo dentista.- Muy bien, ¿y tu Felipe?\n- Yo médico.- Muy bien, ¿y tu Jaimito?- Yo imbécil, profesora.\n- ¡Pero bueno! ¿Por qué dices eso?\n- Porque mi padre - responde el niño - siempre dice: \"¡Mira la novia que tiene ese imbécil! ¡Mira el coche que se ha comprado ese imbécil! ¡A ese imbécil le ha tocado la lotería!\"', 24, '2020-04-22 03:11:45'),
(344, '– Doctor, tengo tendencias suicidas. ¿Qué hago?\n- Págueme ahorita mismo.', 23, '2020-04-22 03:13:14'),
(345, 'Un señor manda su ropa interior a la lavandería y pone una nota:\nUsar más jabón en los calzoncillos...\nY cuando recoge su ropa encuentra una nota que decía:\nUsar más papel al limpiarse el trasero...', 23, '2020-04-22 03:13:35'),
(346, 'La profesora explica en clase:\n- La Tierra gira alrededor del Sol.\nY Pepito pregunta...\n- ¿Qué hace entonces por la noche? ¿Se para?', 22, '2020-04-22 03:14:26'),
(347, '- Pepito, ¿te has comido un trozo de tarta?\n- No, mamá.\n- ¡No mientas! ¡Te estás poniendo colorado!\n- ¿¿¿Ah, síiii?? ¡¡No sabía que la tarta esa te ponía colorado!!', 22, '2020-04-22 03:14:52'),
(348, '-Amor, ¿estoy gorda?\n-No, mi buda, digo…. No, mi vida.', 21, '2020-04-22 03:15:20'),
(349, '- Para este San Valentín te voy a regalar una calculadora para que calcules mi amor.\n- Pues yo te voy a regalar una regla para que te midas los cuernos.', 21, '2020-04-22 03:15:39'),
(350, 'No es lo mismo decir una cinta negra, \nque una negra encinta', 20, '2020-04-22 03:16:37'),
(351, 'No es lo mismo se avecina una tormenta \nque me atormenta una vecina', 20, '2020-04-22 03:16:53'),
(352, '¿Qué es una solterona?\n– Una mujer que ha pasado muchas navidades pero ninguna nochebuena.', 19, '2020-04-22 03:17:24'),
(353, 'Un cubano le dice a otro: \nOye ¿tu sabes quien es Santa Claus?\nPué Papá Noé.\nPué mamá tampoco.', 19, '2020-04-22 03:17:41'),
(354, '–No tengo suerte en nada.\n-No te preocupes cariño, siempre estaré a tu lado.\n-¿Ves lo que te digo?', 18, '2020-04-22 03:19:18'),
(355, '-¡Descansa en paz amor!\n-No sé si te parezca “muy delicada” Jairo, \n¡Pero no me gusta tu forma de desearme las buenas noches!', 18, '2020-04-22 03:19:36'),
(356, 'Dos amigas comentan en la playa: ¡Mira tu marido está intentando impresionar a una joven! ¡Ja, ja, ja! \n¿Oye tu marido intenta impresionar a otra mujer, y tú te ríes?\n Sí, a ver cuánto aguanta sumiendo la panza.', 17, '2020-04-22 03:20:56'),
(357, '¿Por qué las mujeres no usan paraguas? \nPorque en la cocina no llueve.', 17, '2020-04-22 03:21:37'),
(358, 'Un hombre llega tarde a su casa pintado con lápiz labial y su mujer le dice: \n¡Dónde te metiste! El marido le dice: \nNo me vas a creer, pero me he peleado con un payaso.', 16, '2020-04-22 03:22:34'),
(359, 'Un hombre estaba en la calle con un letrero que decía, \"Que viva mi suegra...\n\" Y por el otro lado el cartel decía, \"¡Pero que viva bien lejos!\"', 16, '2020-04-22 03:22:49'),
(360, '- Mamá, mamá... en el colegio me dicen waka waka la mama dice  y porque el niño responde por que esto es africa.', 15, '2020-04-22 03:23:49'),
(361, '- Mamá, mamá... Por favor, llévame al circo.\n- No, hijo, si quieren verte que vengan a casa.', 15, '2020-04-22 03:24:01'),
(362, 'Estaba Jaimito en clase de Lengua y le dice a la profesora:\n- Profe, ¿cómo se escribe móvil?\n- Pues se escribe como suena...\n- ¿Y si está en silencio?', 14, '2020-04-22 03:25:18'),
(363, '- ¡Mamá, quiero un Iphone!\n- ¿Por qué, Jaimito?\n- Porque todos tienen uno...\n- Y si todos se tiran a un pozo, ¿tú te tirarías también?\n- No, me quedaba con sus Iphone...', 14, '2020-04-22 03:25:27'),
(364, '¿En qué se parece un globo y una mujer?\nEn que el globo tiene a subir, y la mujer sube a tender', 13, '2020-04-22 03:25:55'),
(365, '- ¡Ayúdeme doctor! Sufro de amnesia, ¡todo se me olvida!\n- ¿Y desde cuándo sufre ese malestar?\n- ¿Qué malestar?', 12, '2020-04-22 03:26:22'),
(366, '- Doctor, doctor, últimamente me veo más gordo y más feo, ¿qué tengo?\n- Pues mucha razón.', 12, '2020-04-22 03:27:05'),
(367, 'Un niño le pregunta a otro: \n¿Sabes cuántas bolas se necesitan para jugar fútbol? \nSí, una. No, dos. ¿Dos? Sí,\n la bola para patear, y la bola de mensos.', 11, '2020-04-22 03:27:42'),
(368, 'Mi sistema operativo es multitarea: \nAcaba con mis nervios y mi paciencia al mismo tiempo.', 9, '2020-04-22 03:28:33'),
(369, 'Estaba una pizza llorando en el cementerio…\nLlega otra pizza y le pregunta:\n- ¿Era familiar?\n- No... era mediana.', 8, '2020-04-22 03:28:59'),
(370, '¿Cuál es el colmo de un profesor de matemáticas? \nQue no le pueda sacar la raíz a una planta.', 7, '2020-04-22 03:29:19'),
(371, '¿Cuál es el colmo de un profesor de computación? \nQue se ahogue cuando navegue por Internet.', 7, '2020-04-22 03:29:47'),
(372, 'oye amigo, estoy en un apuro, ¿Me dejas $10.000? \nLo siento, no llevo nada de dinero encima.\n¿Y en casa? Todos bien, gracias.', 6, '2020-04-22 03:30:15'),
(373, 'Primer acto: Un pelado peinándose. \nSegundo acto: Un pelado peinándose. \nTercer acto: Un pelado peinándose. \n¿Cómo se llama la obra? \nMisión Imposible.', 5, '2020-04-22 03:30:49'),
(374, '¿Qué le dice la caca al pedo?\n- Sal tú primero que tienes bocina.', 25, '2020-04-22 03:32:15'),
(375, '¿Qué le dice un gato a una gata?\n- ¿Te has miau?', 25, '2020-04-22 03:32:22'),
(376, 'En la escuela un niño le pregunta a su maestra:\n-Profesora, \n¿A los cuantos años se muere un burro?.\n-¿Por qué?, \n¿Acaso ya te sientes mal?.', 24, '2020-04-22 03:33:07'),
(377, 'En una escuela la profesora se dirije a un alumno:\nA ver Juanito, la frase \"yo busco novio\", \n¿qué tiempo es?\nTiempo perdido, señorita.', 24, '2020-04-22 03:33:29'),
(378, 'En el confesionario:\n- Padre, creo que mi madre es puta.\n- Pero hombre, vamos a ver, ¿qué te hace pensar eso?\n- Me lo han dicho millones de personas.\n- ¿Cómo? A ver,cuéntamelo todo desde el principio... \n¿A qué te dedicas?\n- Soy árbitro.', 23, '2020-04-22 03:35:10'),
(379, '-Doctor, ¿Que me recomienda para el mal aliento?\n-Que se deje de morder las uñas después de rascarse el trasero.', 23, '2020-04-22 03:35:34'),
(380, 'Pepito entrega la tarea y la profe dice :\n- ¡¡Le falta la presentación!!\n- ¡Ay, disculpe...! ¡¡Damas y Caballeros , con ustedes LA TAREAAAAAAAA!!', 22, '2020-04-22 03:36:55'),
(381, 'Le dice Pepito a su madre:\n- Oye, ¿los cereales de chocolate caminan?\n- No, Pepinto, ¡qué tontería!\n- Anda, pues creo que me he comido una cucaracha...', 22, '2020-04-22 03:37:12'),
(382, '- Cariño ¿tengo la nariz grande?\n- No, tienes una nariz común.\n- Anda, ¿de verdad?\n- Sí, tu nariz es ¡común tucán!', 21, '2020-04-22 03:39:06'),
(383, 'Mi amor, ¿qué edad parece que tenga?\n- Pues de cara 26 y de cuerpo 30.\n- Ay, ¿lo dices de verdad?\n- Claro, ahora súmalos.', 21, '2020-04-22 03:39:23'),
(384, 'No es lo mismo dos pelotas blancas, \nque dos blancas en pelotas', 20, '2020-04-22 03:39:47'),
(385, 'No es lo mismo un negro amanecer \nque amanecer con un negro', 20, '2020-04-22 03:39:57'),
(386, 'Va un hombre a comprar el regalo de navidad a su hijita a una juguetería y echa un vistazo a las Barbies. Le pregunta a la dependienta:\n- Señorita, ¿Cuánto vale esta Barbie Superstar?\n- Cuesta 30€\n- Ah, muy bien. ¿Y la Barbie Divorciada?\n- Bueno, esta cuesta 300€ caballero.\n- ¿Cómo? ¿Y por qué es tan cara?\n- Porque trae la casa de Ken, el coche de Ken...', 19, '2020-04-22 03:41:51'),
(387, '-Cariño, después de tantos años …. ¿Todavía te gusto?\n-No, ¡todavía no!', 18, '2020-04-22 03:42:39'),
(388, 'El papá de Benito le aconseja acerca del matrimonio:\n-Hijo, tu abuelo se la dio a tu abuela, yo se la di a tu mamá y cuando te cases tú se la darás a tu esposa.\n-Qué papá?\n-¡La razón hijo! ¡La razón!', 18, '2020-04-22 03:43:06'),
(389, 'La mujer es una dama que se prueba todos los zapatos de un establecimiento, \ny acaban por apretarle hasta los que ya llevaba.', 17, '2020-04-22 03:43:43'),
(390, '¿En qué se parecen un árbol a un hombre?\nEn que los dos dan sombra al pajarillo', 16, '2020-04-22 03:44:16'),
(391, '- Mamá, mamá... ¿Tú te has casado por iglesia o por civil?\n- Me he casado por estúpida, hija.', 15, '2020-04-22 03:44:33'),
(392, '- Mamá, Mamá... ¿Cuánto cuesta casarse?\n- No tengo ni idea, hija, todavía no he terminado de pagar las consecuencias.', 15, '2020-04-22 03:44:47'),
(393, '- Papá, papá, ¿puedo ir al cine?\n- Sí, Jaimito, pero no entres.', 14, '2020-04-22 03:52:01'),
(394, 'En clase le preguntan a Jaimito:\n- ¡A ver, Jaimito, ¿de qué signo es tu madre?\n- Pues debe de ser de exclamación porque se pasa todo el día gritándome.', 14, '2020-04-22 03:56:31'),
(395, '- Doctor, doctor, ¿qué puedo hacer para adelgazar?\n- Fácil, mueva la cabeza de izquierda a derecha.\n- Ok, y ¿cuántas veces al día?\n- Cada vez que le ofrezcan algo de comer.', 12, '2020-04-22 03:57:02'),
(396, '- Doctor, doctor, estoy muy nervioso. Es la primera vez que me van a operar.\n- No sé preocupe tanto, yo también es la primera vez que voy a operar y estoy tan tranquilo.', 12, '2020-04-22 03:57:21'),
(397, 'Si un jugador se va por la banda, otro se va por la orquesta.', 11, '2020-04-22 03:57:41'),
(398, 'No te despedirán del trabajo, \nsi nunca comentas tu código y además eres el único que sabe cómo funciona.', 9, '2020-04-22 03:58:43'),
(399, '- Perdí 500 calorías en 2 segundos.\n- ¡¡Guau!! ¿Y cómo lo hiciste?\n- Se me cayó la hamburguesa.', 8, '2020-04-22 03:59:01'),
(400, '- ¡Camarero, ya le he pedido cien veces un vaso de agua!\n- Sí, ahora mismo. ¡Cien vasos de agua para el señor!', 8, '2020-04-22 03:59:11'),
(401, '¿Cuál es el colmo de un zapatero? Tener una mujerzuela.', 7, '2020-04-22 03:59:27'),
(402, '¿Cuál es el colmo de una monja?\nEnfermarse y no tener cura.', 7, '2020-04-22 03:59:37'),
(403, 'Dice un hombre casado a un amigo: \nMe casé con mi mujer hace veinte años. \nAl principio la besaba y abrazaba tanto que ella temía que la asfixiara\n¿Y ahora? \nAhora creo que eso es lo que voy a hacer.', 6, '2020-04-22 04:00:09'),
(404, 'Primer Acto: Dora lavando \nSegundo Acto: Dora sigue lavando \nTercer Acto: Dora todavía sigue lavando\n¿Cómo se llama la obra? \nLa Lavadora', 5, '2020-04-22 04:02:48'),
(405, '¿Qué le dice una iguana a otra iguana?\n- Somos iguanitas', 25, '2020-04-22 06:38:22'),
(406, '¿Qué le dice un cero a otro cero?\nNo somos nada', 25, '2020-04-22 06:43:57'),
(407, 'Profe, ¿usted me castigaría por algo que no he hecho?\nClaro que no, Jaimito.\nAh, qué bien porque no he hecho la tarea.', 24, '2020-04-22 06:44:22'),
(408, 'Papá, hoy no puedo ir al colegio.\n¿Por qué no hijo?\nNo me siento bien.\n¿Por qué no te sientes bien?\nPorque tengo que ir a la escuela.', 24, '2020-04-22 06:44:58'),
(409, 'Jaimito está en el colegio. El director le dice:\n-¿Qué quieres ser de mayor, Jaimito?\n-Carnicero\nY el director le dice:\n-¿Por que carnicero?\n- Porque en el colegio ya aprendí a hacer chuletas', 23, '2020-04-22 06:49:51'),
(410, 'La esposa le dice al esposo: -¿Por qué no arreglas la luz del pasillo? El esposo contesta:\n - ¡Pero si yo no soy electricista! - ¿Por qué no arreglas ese mueble de la cocina? - ¡Pero si yo no soy carpintero!\nUn día llega el esposo y ve que la luz y el mueble están arreglados y el esposo le pregunta: ¿Cómo has arreglado todo?\n- Vino el vecino nuevo y lo arregló todo.\n- ¿Y te cobró algo? - Bueno, me dio a elegir entre hacerle una tarta o acostarme con él.\n- ¿Y de qué le hiciste la tarta? -¡Pero si yo no soy pastelera!', 23, '2020-04-22 06:52:25'),
(411, 'Llega Pepito a la escuela llorando y la maestra le pregunta:\n- ¿Qué pasó Pepito?\n- ¡¡Me atacaron maestra!!\n- ¡¡Ay, Dios míooooooo!! ¿Y qué te quitaron?\n- La tarea.', 22, '2020-04-22 06:52:46'),
(412, '- Pepito, ¡falta un cuarto de hora!\n- ¡Ah, pues te aseguro que yo no lo he cogido!', 22, '2020-04-22 06:53:01'),
(413, '-Mi amor que me vas a regalar de aniversario\r\n-ves ese auto que esta allá\r\n-sííí\r\n-te compraré una licuadora del mismo color', 21, '2020-04-22 06:56:10'),
(414, '-Mi amor estoy embarazada que quieras que sea\n-una broma y tu\n-que fuera tuyo', 21, '2020-04-22 07:05:17'),
(415, 'No es lo mismo que un talibán tire dos torres gemelas \na que un tal Iván Torres se tire a dos gemelas', 20, '2020-04-22 15:34:21'),
(416, 'No es lo mismo un bebe haciendo pipi, \nque un pipi haciendo un bebe.', 20, '2020-04-22 15:34:39'),
(417, 'En medio de la discusión matrimonial:\n-¡Te pido por favor que bajes la voz!\n-Ok. ¿Así está bien?\n-¡Hasta que no pueda oírla!', 18, '2020-04-22 15:41:49'),
(418, '-En una escala del 1 al 10, ¿cuánto me quieres?\n-¿Y por qué no me preguntas desde 0 a 10?', 18, '2020-04-22 15:41:59'),
(419, 'Dos amigas: \n- Tengo que tener mucho cuidado con quedar embarazada \n- Pero si tu marido se ha hecho la vasectomía\n- Por eso mismo', 17, '2020-04-22 15:43:00'),
(420, '- Mamá, soy fea?\n- No hija, tienes lo que todo hombre desearía para si.\n- En serio?\n- Si, tienes voz gruesa, espalda ancha y pelos en el pecho.', 16, '2020-04-22 15:43:35'),
(421, '- Mamá, Mamá, afuera está frío.\n- Bueno, dile que pase.', 15, '2020-04-22 15:44:00'),
(422, '- ¡Mamá, mamá! Están golpeando la puerta.\n- Déjala, que se defienda sola.', 15, '2020-04-22 15:44:11'),
(423, '- ¡¡Profe, profe, me recuerdas al mar!!\n- ¡Ayy, Jaimito, qué cosa tienes! ¿Por qué lo dices?\n- ¡Por que me mareas!', 14, '2020-04-22 15:45:06'),
(424, '- Jaimito, ¿para qué sirven las raíces cuadradas?\n- ¡Para hacer árboles más feos!', 14, '2020-04-22 15:45:22'),
(425, '- Doctor, doctor, vengo a graduarme la vista.\n- Pues hace usted bien, porque esto es una panadería.', 12, '2020-04-22 15:46:03'),
(426, 'El paciente al doctor: Perdone, no me he enterado bien, me ha dicho, \n¿Virgo o Libra?\nEl doctor responde: ¡He dicho Cáncer!', 12, '2020-04-22 15:46:49'),
(427, 'Soy una persona muy saludable.\n- ¿Haces mucho deporte y comes sano?\n- No. Es que la gente me saluda por la calle y yo les devuelvo el saludo.', 11, '2020-04-22 15:47:15'),
(428, 'Dos programadores java charlando: \n«la excepción confirma la regla» \n«pues si hay una excepción, la capturamos».', 9, '2020-04-22 15:47:51'),
(429, '- Camarero, por favor, quiero un filete tranquilo.\n- ¿Perdón, señora?\n- Sí, sí, ¡¡que no tenga nervios!!', 8, '2020-04-22 15:48:25'),
(430, '¿Cuál es el colmo de un peluquero? \nPerder por un pelito.', 7, '2020-04-22 15:48:47'),
(431, '¿Cuál es el colmo de un ciego? \nQue le dé miedo la oscuridad.', 7, '2020-04-22 15:48:58'),
(432, '¿Cuál es el colmo de un jardinero? \nQue la hija se llame flor y el novio la deje plantada.', 7, '2020-04-22 15:49:37'),
(433, 'Dos amigos están charlando en un bar y uno le dice al otro: \nTengo una mala noticia que contarte, \ntu mujer nos esta engañando.', 6, '2020-04-22 15:50:18'),
(434, 'Primer acto: Sale el agua. \nSegundo acto: Sale un pato. \nTercer acto: Sale el mar. \n¿Cómo se llama la obra? \nAgua pa tomar.', 5, '2020-04-22 15:50:53'),
(435, '¿Qué le dice un ciego a otro?\nCásate y verás', 25, '2020-04-22 16:22:40'),
(436, '¿Qué le dice una pulga a otra pulga?\n¿Vamos a pie o esperamos al perro?', 25, '2020-04-22 16:22:55'),
(437, 'Mamá, mamá, hoy la profesora casi me pone un 10.\n¡Muy bien Jaimito! pero… ¿por qué casi?\nPorque se lo pusieron a mi compañero de al lado.', 24, '2020-04-22 16:23:49'),
(438, 'Los jefes son como las nubes.... \n¡¡ cuando desaparecen, el día se arregla', 23, '2020-04-22 16:24:53'),
(439, 'Un hombre de unos 65 años le pregunta al entrenador en el gimnasio:\n-¿Que máquina debo usar para impresionar a una chica de 30?\nEl entrenador lo mira y dice...\n-Le recomiendo el cajero automático....', 23, '2020-04-22 16:25:09'),
(440, '- Venga, Pepito, ve a lavarte que a lo mejor viene a visitarnos tu tía.\n- ¡¡Sí, hombre!! Y si luego no viene, ¿qué?', 22, '2020-04-22 16:25:48'),
(441, 'Se pierde Pepito en un museo y le pregunta a un guardia:\n-Señor, ¿ha visto a una señora sin un niño como yo?', 22, '2020-04-22 16:26:02'),
(442, 'Un joven le pregunta a su novia: Cariño , \n¿cuanto me quieres del 1 al 10 ? \nDel 1 al 10 te quiero muchisimo, \npero del 11 al 30 me voy con unos amigos a la playa', 21, '2020-04-22 16:29:08'),
(443, 'Había una vez una pareja en el bosque y se encuentran con un pozo de los deseos, \nel esposo tira la moneda y pide el deseo. \nLe toca a la mujer, se tropieza y cae dentro del pozo y dice el tipo: \n¡Esto sí funciona!', 21, '2020-04-22 16:29:38'),
(444, 'No es lo mismo que te den agua de vaso \na que te den un guevaso', 20, '2020-04-22 16:30:44'),
(445, 'No es lo mismo la sopa hirviendo que ir viendo la sopa.', 20, '2020-04-22 16:31:33'),
(446, 'El esposo un tanto intrigado le pregunta a la esposa:\n-Cariño, ¿Tú me vas a querer cuando me ponga viejo, feo, arrugado y achacoso?\n-¡Cómo así mijo! ¿Usted se va a poner peor?', 18, '2020-04-22 16:32:14'),
(447, 'Dos amigos hablando\n- Mi mujer juega conmigo al médico\n- Que bueno que debe ser eso!!\n- No te creas, me dio turno para dentro de 2 meses!!!', 18, '2020-04-22 16:32:41'),
(448, '- Amor, vamos a ser uno más en la familia. Anda comprando pañales.\n-¿Qué bueno! Vamos a tener un bebé!!!\n- No, el abuelo se viene a vivir con nosotros....', 18, '2020-04-22 16:32:53'),
(449, '¡Mamá, mamá! Qué, hija. Yo de quién saqué la inteligencia,\n¿de ti o de papá? Y ella le contesta: \nDe tu papá. Y la niña le dice: \n¿Por qué? Por que yo todavía conservo la mía.', 17, '2020-04-22 16:33:39'),
(450, 'Para que un hombre se lleve bien con una mujer, \nsolo necesita aprenderse cuatro letras : \nO , B , D , C', 16, '2020-04-22 16:34:14'),
(451, '¡Mamá mamá! en la escuela me dicen maricón \n-pues pégales con tu bolsita \n-no es que están bien guapos.', 15, '2020-04-22 16:35:10'),
(452, '¡Mamá mamá! cuándo vamos a comer pan de hoy, \nmañana hijo mañana.', 15, '2020-04-22 16:35:47'),
(453, 'Jaimito vuelve a casa y le enseña a su madre 100 euros que se ha encontrado:\n- ¿Estás seguro que alguien los ha perdido?\n- ¡Segurísimo, mamá! ¡Incluso he visto al señor que los estaba buscando!', 14, '2020-04-22 16:36:30'),
(454, 'Le dice Jaimito a su profesora:\n- Profe, usted no me castigaría por algo que no he hecho, ¿verdad?\n- Claro que no, Jaimito.\n- Estupendo, porque no he hecho la tarea', 14, '2020-04-22 16:36:55'),
(455, 'Va un tipo llamado Pepe a una clínica, donde el médico es conocido suyo. \nEntonces el médico lo examina. Al rato, Pepe le pregunta: \n¿Cómo estoy? Pues, que tienes el mismo problema de una iglesia abandonada. \n¿Qué quieres decir? ¡Que no tienes cura!', 12, '2020-04-22 16:37:42'),
(456, 'Dios es real, a no ser que lo declares como integer.', 9, '2020-04-22 16:45:42'),
(457, 'Un hombre en una cafetería:\n- Perdone, ¿me pone un café?\n- Sí, por supuesto.\n- ¿El azúcar es gratis?\n- Sí.\n- Estupendo, pues póngame tres kilos para llevar.', 8, '2020-04-22 16:47:45'),
(458, '¿Cuál es el colmo de una cocinera? \nLlamar a la policía porque los fideos se están pegando.', 7, '2020-04-22 16:48:20'),
(459, '¿Cuál es el colmo de un escritor? \nQue su esposa le dé sopa de letras.', 7, '2020-04-22 16:48:32'),
(460, '¿Cuál es el colmo de una farmacia? \nQue la vendan porque no queda más remedio.', 7, '2020-04-22 16:48:48'),
(461, 'Primer acto: Sale un puerco volando. \nSegundo acto: Sale otro puerco volando. \nTercer acto: Sale otro puerco volando. \n¿Cómo se llama la obra? \nAeropuerco.', 5, '2020-04-22 16:49:15'),
(462, '¿Qué le dice un gato a un auto?\nMiauuuto', 25, '2020-04-23 02:04:39'),
(463, '¿Qué le dice un pila a otra pila?\nEstúpila', 25, '2020-04-24 15:42:57'),
(464, 'El maestro le pregunta a un alumno: \nA ver, tú, ¿hiciste la tarea que dejé ayer? No profesor. \nTodos ustedes son unos flojos, \n¿cómo es posible que yo sea el único que trabaje? En eso el niño responde: \nSí, profesor. Pero tome en cuenta que usted es el único que recibe el sueldo.', 24, '2020-04-24 15:44:42'),
(465, 'Una señora en la comisaría:\n- ¡Inspector!, ¡Inspector! Me acaba de violar un funcionario.\n- Pero... ¿Cómo sabe usted que era un funcionario?\n- Porqué tuve que hacerlo todo yo.', 23, '2020-04-24 16:26:22'),
(466, 'Un día el jefe de una estación ferroviaria hablando con uno de los empleados, le pregunta:\n- Dígame, ¿usted qué haría si ve que dos trenes van a chocar?\n- Avisarles por la radio o con banderas para que cambien de carril - responde muy seguro el empleado.\n- Y, ¿si no tuviera ni radio ni banderas? -insistió el jefe.\n- Pues, entonces llamaría a mi primo.\n- Ajaaaa, ¿su primo sabe del tema?\n- No, es que nunca ha visto un choque de trenes.', 23, '2020-04-24 16:27:08'),
(467, 'Pepito le dice a su padre:\n-Papá, papá, ¿los pedos pesan?\n-No hijo.\n-Entonces me he hecho caca.', 22, '2020-04-24 16:29:29'),
(468, 'Pepito le pregunta a su papá, \n¿te casaste por la iglesia o por el civil?\n¡Por estúpido! Pepito ¡Por estúpido!', 22, '2020-04-24 16:29:45'),
(469, 'El novio a su futuro suegro. Hola, vengo a pedir la mano de su hija. \n¿Y usted está en condiciones de mantener una familia? \nSí señor, yo trabajo y sí puedo... \n¿Está seguro? ¡Mire que somos nueve!', 21, '2020-04-24 16:39:30'),
(470, 'El novio le dice a la novia: Mi amor, \ncuando nos casemos te llevo a las islas canarias. \nY la novia le contesta: Que rico, \n¿y cuando cumplamos 15 años? \nEl novio le contesta: Voy por ti.', 21, '2020-04-24 16:41:10'),
(471, 'No es lo mismo una chica muy mona \nque una mona muy chica.', 20, '2020-04-24 16:43:37'),
(472, 'Dos amigos hablan de sus planes para el futuro.\nPues yo estoy buscando novia para casarme, pero no sé que hacer, porque a mi madre no le gusta ninguna de las chicas que le he presentado.\nPues entonces busca una chica como tu madre y preséntasela.\nYa lo hice, pero no le gustó a mi padre.', 18, '2020-04-24 16:44:36'),
(473, '- Mi amor, hoy es nuestro aniversario de matrimonio, \n¿qué te parece si matamos un pavo y lo cocinamos?\n- ¿Y qué culpa tiene el pobre pavo?, \n¿por qué no matamos a tu amiga que fue quien nos presentó?', 18, '2020-04-24 16:45:19'),
(474, '- Señor abogado, quiero divorciarme porque desde hace años mi mujer me tira los platos por la cabeza. \n- ¿Y por que no se ha divorciado antes? \n- Es que recién ahora va teniendo puntería.', 18, '2020-04-24 16:45:48'),
(475, '¿Qué hace una mujer en la cocina junto a la escoba y la estufa? \nPosando para una foto.', 17, '2020-04-24 16:46:17'),
(476, '- ¿En qué se parece un hombre a un microondas?\n- En que al principio piensas que sirve para todo, y al final sólo para calentar...', 16, '2020-04-24 16:46:36'),
(477, '¡Mamá mamá! mi papá se quiere tirar por la ventana, \nanda y dile a tu padre que no sea tonto \nque le he puesto cuernos no alas.', 15, '2020-04-24 16:47:24'),
(478, '¡Mamá mamá! en el colegio me dicen interesado \ny la mamá le dice ¿porque? \ndame 20 pesos y te lo digo', 15, '2020-04-24 16:47:32'),
(479, 'Jaimito le dice a su padre:\n- Papá, tengo dos noticias, una buena y una mala, ¿por cuál quieres que empiece?\n- Por la buena.\n- ¡He aprobado todas!\n- ¡Qué bien! ¿Y cuál es la mala noticia?\n- Que es mentira...', 14, '2020-04-24 21:18:37'),
(480, 'El padre de Jaimito le dice:\n- Hijo, si no apruebas el examen de mañana olvídate de que soy tu padre.\nAl día siguiente:\n- Jaimito, ¿cómo te ha salido el examen?\n- ¿Y tú quién eres?', 14, '2020-04-24 21:19:01'),
(481, 'Va un señor al doctor y le dice: \n-Doctor no puedo dormir desde que se fue mi mujer de la casa\n- Y el doctor responde \n-La extraña mucho\n- Y el paciente responde \n-No doctor es que se llevo la cama', 12, '2020-04-24 21:20:02'),
(482, 'La barriga de un programador es directamente proporcional a la cantidad de información que maneja.', 9, '2020-04-24 21:20:32'),
(483, '- ¿Por qué no tomas leche fría?\n- Porque la vaca no cabe en la nevera.', 8, '2020-04-24 21:21:02'),
(484, '¿Cuál es el colmo de un jugador de fútbol? \nHacer un gol y en la repetición errarle.', 7, '2020-04-24 21:21:46'),
(485, '¿Cuál es el colmo de un policía? \nQue lo asalten las dudas.', 7, '2020-04-24 21:21:57'),
(486, 'Primer acto: Un ganso llamando a su esposa. \nSegundo acto: Un ganso llamando a su esposa. \nTercer acto: Un ganso llamando a su esposa. \n¿Cómo se llama la obra? \nVenganza.', 5, '2020-04-24 21:23:12'),
(487, '¿Qué le dice un tomate a otro?\n¡Ahh, un tomate que habla!', 25, '2020-04-24 21:23:42'),
(488, '¿Qué le dice una foca a otra foca?\nEnfócate', 25, '2020-04-24 21:23:50'),
(489, 'un niño le pregunta a su profesor: ¿Cuánto pesa la tierra? \nY el profesor contesta: Buena pregunta, averígualo y mañana me dices. \nAl día siguiente el profesor pregunta si alguien lo sabe, pero ninguno lo ha encontrado y el profesor dice:\nPesa 132.243.299 toneladas. Y el mismo niño que le hizo la pregunta le responde: \n¿Con gente o sin gente?', 24, '2020-04-24 21:25:41'),
(490, 'Un tipo pide una pizza para que se la lleven a casa y cuando la recibe le pregunta al repartidor:\n-¿Cuál es la propina acostumbrada?\n-Pues… suele ser de 1 euro, pero mi jefe dice que si logro que el cliente suelte 10 céntimos, ya sería un milagro.\n-Ah sí? –dice enfadado el cliente- Pues toma 5 euros!!!!\n-Gracias señor! Lo ahorraré para mis estudios.\n-¡Muy bien chico, eso esá muy bien! Y se puede saber, ¿Qué estudias?\n-Psicología aplicada, señor', 23, '2020-04-24 21:27:00'),
(491, 'Después de arreglar un grifo en 10 minutos, el fontanero presenta una factura de 500 €\nEl cliente, escandalizado, protesta:\n- Oiga señor fontanero, yo soy abogado y no cobro por mi consulta ni la mitad de lo que usted me esta cobrando.\n- Ya lo sé, contesta el fontanero, cuando yo ejercía de abogado también cobraba la mitad.', 23, '2020-04-24 21:28:14'),
(492, 'Pepito le pregunta a su padre: \n¿Papa es verdad que en China los hombres no conocen a su mujer hasta haberse casado? \n- Eso pasa en todas partes, hijo.', 22, '2020-04-24 21:30:01'),
(493, 'Le dice la mamá a Pepito: Pepito, \n¿por qué le pegaste a tu hermana con la silla?\n¡Porque el sofá estaba muy pesado!', 22, '2020-04-24 21:30:13'),
(494, 'Le dice la novia a su novio: Cariño, llevamos más de 15 años viviendo juntos, \n¿por qué no nos casamos? ¿Casarnos? \n¿Y quién nos va a querer a ti y a mí?', 21, '2020-04-24 21:46:02'),
(495, '¡Ay mamá! no sé si casarme con el contador o con el militar, le dice muy confundida una joven a su madre.\n No lo pienses más hija, cásate con el militar, saben cocinar, tender la cama, y recibir ordenes.', 21, '2020-04-24 21:46:23'),
(496, 'No es lo mismo una ración de ave que una aberración.', 20, '2020-04-24 21:46:41'),
(497, 'No es lo mismo decir, golpea que te van a abrir la puerta, que abre la puerta que te van a golpear.', 20, '2020-04-24 21:47:51'),
(498, 'Hace tres meses que no hablo con mi esposa. \n-¿Habéis discutido? \n- No, lo que pasa es que me tiene prohibido interrumpirla.', 18, '2020-04-24 21:57:24'),
(499, 'Una señora entra en una armería. \n- Hola, buenas. Quería una escopeta para mi marido.\n- ¿Le ha dicho de que calibre ?\n-¿Qué dice ? ¡Si ni siquiera sabe que le voy a disparar!', 18, '2020-04-24 21:57:48'),
(500, 'Un matrimonio de 95 años va al abogado para pedir el divorcio. \nEl abogado sorprendido, les pregunta que cómo habían esperado tanto tiempo, y ellos le responden: \n¡Es que estábamos esperando a que se murieran los niños para no darles un disgusto!', 18, '2020-04-24 21:58:09'),
(501, '¿En qué se parece un hombre a una lavadora?\n- En que los dos los manejan las mujeres.', 16, '2020-04-24 22:29:52'),
(502, '¡Mamá mamá!en la escuela me dicen eléctrico\n y tu que haces ? \n le sigo la corriente.', 15, '2020-04-24 22:30:17'),
(503, '!Mamá,mamá!  en la escuela me dicen doritos \n- tu tranquilo Nacho', 15, '2020-04-24 22:30:41'),
(504, 'Jaimito ¿Cómo te fué con tu examen de Matemáticas? \n– Pues me fue más o menos como los del Polo Sur \n– ¿Cómo los del Polo Sur? \n¿Qué quieres decir explícate? \n– Bajo Cero, mamá, de cero para bajo!', 14, '2020-04-24 22:31:10'),
(505, 'Llega la policía a casa de Jaimito…\n- ¡Policía! Jaimito, ¡abre que sabemos que estás ahí!\n- ¿Qué quieren?\n- Solo queremos hablar. Abre.\n- ¿Cuántos son?\n- Seis.\n- ¡Pues hablen entre ustedes!', 14, '2020-04-24 22:31:28'),
(506, 'Doctor vengo a que me ayude con mi problema de doble personalidad... \nPues pase adelante y conversamos los cuatro.', 12, '2020-04-24 22:48:00'),
(507, 'Dos programadores dialogando sobre sus relaciones con su pareja: \nYo tengo un vínculo muy fuerte con mi mujer. \nEntonces, tienes un hipervínculo?.', 9, '2020-04-24 22:48:37'),
(508, '¿Cuál es el colmo de un pelón? \nRecibir un peine de regalo. \n¿Y el de un melenudo? \nNo tener un pelo de tonto.', 7, '2020-04-24 22:49:31'),
(509, '¿Cuál es el colmo de un carpintero?. \nLLamarse Armando Mesa.', 7, '2020-04-24 22:49:41'),
(510, 'Primer acto: Aparece un hombre limpiando una o. \nSegundo acto: Aparece el mismo hombre limpiando otra o. \nTercer acto: Aparece el mismo hombre limpiando otra o.\n¿Cómo se llama la obra? \nLas o-limpiadas.', 5, '2020-04-24 23:02:56'),
(511, '¿Qué le dice un pelo a otro pelo?\n¡Cuidado que viene la cana!', 25, '2020-04-25 00:12:19'),
(512, '¿Qué le dice el timbre al dedo?\nSi me tocas grito', 25, '2020-04-25 00:12:48'),
(513, 'La profesora dice: \nPablito venía para la escuela, pisó una cáscara de banano y se cayó y se quebró una pierna.\n¿Qué hay que aprender de esto Juanito? \n¡Que no hay que venir a la escuela!', 24, '2020-04-25 00:15:37'),
(514, '- Mi marido es tocólogo.\n- Pues el mio es meteorólogo.\n- Que suerte tienen algunas !', 23, '2020-04-25 00:17:05'),
(515, '- Mira se esta quemando la panadería de Don Chano\n- Después le preguntamos\n- ¿Preguntarle qué?\n- Si tiene pan tostado', 23, '2020-04-25 00:17:44'),
(516, 'En la clase de lenguaje de Pepito, \nLa maestra le hace una pregunta: \nPepito, si digo yo robo y lo conjugo al presente, \n¿Cuál es el presente? \nPues, la cárcel.', 22, '2020-04-25 21:43:14'),
(517, 'La mamá de Pepito le dice:¡Pepito, \naléjate de la jaula del león! \nNo te preocupes mamá,\nno le voy a hacer nada.', 22, '2020-04-25 21:43:36'),
(518, 'Este era un tipo que le dice a su pareja: Juan, tómame de la mano. A lo que Juan le responde: ¡No! Juan, abrázame. A lo que Juan responde: ¡No! Juan, bésame. A lo que Juan responde: ¡No! Pero Juan, si todas las parejas se toman de las manos, si todas las parejas se abrazan, si todas las parejas se besan, ¿Por qué nosotros no? A lo que Juan responde: ¡Porque somos una pareja de policias, Armando!', 21, '2020-04-25 21:50:42'),
(519, '-No es lo mismo detesto los libros que los libros de texto', 20, '2020-04-25 21:52:09'),
(520, 'Vengo a devolverles este revólver que compró ayer mi señora. \n¿Qué pasa?\n¿No funciona bien? \nSí hombre, sí que funciona. \nPero por el momento ya nos hemos reconciliado.', 18, '2020-04-25 21:53:17'),
(521, 'Una pareja pasea por un parque, al cruzar un puente: \nQuerido, si cayera al agua, ¿Me salvarías? \nY si digo sí \n¿Saltarías, querida?', 18, '2020-04-25 21:54:06'),
(522, 'Un señor le dice a su mujer: \nCada vez que hablas me haces recordar al mar. \nY la esposa feliz dijo: \n¡Que romántico está mi esposo! \nY le pregunta el por qué. \nPorque me mareas, responde muy serio él.', 18, '2020-04-25 21:54:37'),
(523, '¿En que se parecen los hombres a las nubes?\n- En que cuando desaparecen mejora el día.', 16, '2020-04-25 21:55:08'),
(524, '!Mamá,mamá! es cierto que descendemos de los monos, \nno lo se cariño, \ntu papá nunca nos quiso hablarnos de su familia.', 15, '2020-04-25 22:59:11'),
(525, '!Mamá,mamá! ¡ya he encontrado novia!\nPues devuélvela que seguro que es de otro.', 15, '2020-04-25 22:59:33'),
(526, 'Va Jaimito a su madre y le pregunta:\n- Mami, mami, ¿¿los caramelos de chocolate caminan por la pared??\n- Pues no, Jaimito. Los caramelos no caminan.\n- Ah, pues entonces me he comido una cucaracha.', 14, '2020-04-25 23:00:15'),
(527, '- Jaimito, ¿cuántos corazones tenemos nosotros?\nY Jaimito le responde:\n- Dos, el mío y el de usted.', 14, '2020-04-25 23:00:29'),
(528, 'Un médico le dice a su paciente: \nLas zanahorias son buenas para la vista. \nY eso, ¿Cómo lo sabe? Muy sencillo, \n¿Qué usted ha visto un conejo con gafas?', 12, '2020-04-25 23:01:02'),
(529, 'Entra un esqueleto en una carnicería y dice:\n- Quiero medio Kilo de carne.\n- Aquí lo tiene. ¿Se lo envuelvo?\n- No…… me lo llevo puesto.', 8, '2020-04-25 23:02:09'),
(530, '¿Cuál es colmo de una costurera? \nPerder el hilo de la conversación.', 7, '2020-04-25 23:02:53'),
(531, '¿Cuál es el colmo de drácula? \nQue su esposa y su hija sean unas sangronas', 7, '2020-04-25 23:03:08'),
(532, '¿Qué le dice un estufa a otra estufa?\nES tu familia', 25, '2020-04-25 23:05:40'),
(533, '¿Qué le dice el 3 al 30?\nPara ser como yo tienes que ser sin-cero', 25, '2020-04-25 23:05:50'),
(534, 'Es una vergüenza, no te sabes el nombre de los presidentes, a tu edad yo los sabía todos y por orden cronológico. \nPues claro maestra, cuando usted tenía mi edad solo habían como tres.', 24, '2020-04-25 23:06:23'),
(535, 'Un señor entra en una tienda de coches y le pregunta al vendedor:\n-Oiga…… ¿este coche es bueno?\n-Buenísimo!!....de fábula!! -le contesta el vendedor-. \nImagínese que sale usted de Barcelona a las 12 de la noche con este coche, \n¿Bien?.... pues a las 3 de la mañana puede estar en Madrid.\n-No me interesa-contesta el señor\n¿qué hago yo en Madrid a las 3 de la mañana?', 23, '2020-04-25 23:07:31'),
(536, 'Esto es un individuo que va a un abogado y le dice:\n- Mire, necesito que me defienda, pero no tengo ni un céntimo para pagarle.\nEl abogado, asombrado, le contesta:\n- Bueno, ¿y entonces yo que gano?\n- Hombre, tengo un Ferrari nuevo, y si usted gana el caso se lo doy.\n- Muy bien. De acuerdo. ¿De que se le acusa?\nDe robar un Ferrari.', 23, '2020-04-25 23:07:54'),
(537, 'Pepito le dice a su padre: Papa, papa, \n¿Dónde esta Canadá? \nPregúntaselo a mama que lo esconde todo.', 22, '2020-04-25 23:08:32'),
(538, 'Pepito ¿por qué le estás pegando a ese niño?\nPorque él lambió a mi comida,\nProfesora\nLambió no, Pepito, ¡Lamió!\n¿Quéé? ¿La mio? No, ahora sí lo mato', 22, '2020-04-25 23:08:52'),
(539, 'Si tu hombre o mujer tiembla cuando lo abrazas, \nSi sientes sus labios ardientes como brasas, \nSi su respiración se agita, \nSi hay en sus ojos un brillo febril. \nCorre es influenza porcina!!', 21, '2020-04-25 23:09:38'),
(540, '-No es lo mismo, el río Missisippi que me hice pipí en el río.', 20, '2020-04-25 23:10:12'),
(541, 'Marido y Mujer: Después de medio siglo de matrimonio, él muere, y al poco tiempo después ella también va parar el cielo... \nEn el cielo, ella encuentra al marido y corre hasta donde él y le dice: \n- ¡Queriiidoooooo! ¡Que bueno encontrarte! Y él responde: \n- ¡No me vengas con tonteras! \nEl trato fue: HASTA QUE LA MUERTE NOS SEPARE', 18, '2020-04-25 23:11:21'),
(542, 'Una vez le dice el esposo a la esposa: \nVieja, prepárate porque ahora sí voy amarte. \nY la esposa contesta: \n¡Por mí, te puedes ir a Plutón!', 18, '2020-04-25 23:11:39'),
(543, 'Una pareja estaba teniendo una discusión acerca de las finanzas familiares. \nFinalmente el esposo explota y dice: \n¡Si no fuese por mi dinero, la casa no estaría aquí! \nLa esposa respondió: ?\n¡Querido, si no fuese por tu dinero, yo no estaría aquí!', 18, '2020-04-25 23:12:20'),
(544, 'Un matrimonio estaba conversando: \nMi amor, ¿Crees en el amor a primera vista? \n¡Claro! Si te hubiera visto 2 veces no me caso.', 18, '2020-04-25 23:12:45'),
(545, '!Mamá,mamá! ¿Por qué papá se fue de casa?\n¿Tú sabes borrar conversaciones de Whatsapp?\nYo sí.\nPues él no.', 15, '2020-04-25 23:13:16'),
(546, '!Mamá,mamá! en el cole todos me llaman Loreal.\n¿Y eso?\n¡¡PORQUE YO LO VALGO!!', 15, '2020-04-25 23:13:33'),
(547, '- Jaimito, ¿cuál es la montaña más limpia?\n- El volcán.\n- ¿El volcán?\n- Sí, porque primero echa cenizas y después, lava.', 14, '2020-04-25 23:13:56'),
(548, '- Jaimito, tienes que decir dos palabras que tengan tilde.\n- ¡Pues muy sencillo señorita, Matilde y Clotilde!', 14, '2020-04-25 23:14:06'),
(549, 'Un médico trataba de levantar el ánimo de un paciente diciéndole: \nSu vida no corre peligro, yo mismo padecí esa enfermedad. \nSí, doctor, se lamentó el paciente, \npero usted no tuvo el mismo médico.', 12, '2020-04-25 23:14:42'),
(550, '¿Cuál es el colmo de un peluquero? \nQue su esposa no lo pele.', 7, '2020-04-25 23:15:10'),
(551, '¿Cuál es el colmo de un ciego? \nQue diga una mentira, y lo delate la mirada.', 7, '2020-04-25 23:15:21'),
(552, '¿Qué le dice una bombilla a otra bombilla?\nTanto tiempo dando luz y todavía no hemos tenido ni un hijo', 25, '2020-04-25 23:16:03'),
(553, '¿Qué le dijo un poste a otro poste?\n¡Postate bien!', 25, '2020-04-25 23:16:15'),
(554, 'Después de casi 20 años de dar clases en escuelas secundarias, \npensé que ya había oído todas las excusas que puede dar un alumno que no entrega la tarea, \nhasta que un padre me envió este recado: Por Favor, \ndisculpe a Lori por no llevar la tarea de Álgebra. \nAnoche la gata tuvo gatitos, justo sobre la tarea.', 24, '2020-04-25 23:17:58'),
(555, 'En el dentista:\n- Tengo que extraerle el diente adolorido, pero no te preocupes solo tomará unos cinco minutos.\n- ¿Y cuánto costará?\n- 90 euros\n- ¡90 euros por solo unos minutos de trabajo!\n- ¡Puedo extraerlo muy lentamente si quiere!', 23, '2020-04-25 23:19:15'),
(556, 'Un empleado del gobierno contrata a un hombre rubio para que pinte las líneas de la calle.\nEl primer día el rubio pinta 10 Km. y el jefe queda contento.\nEl segundo día el rubio pinta 5 Km. y el jefe no dice nada.\nEl tercer día el rubio pinta 2 Km. y el jefe no dice nada.\nEl cuarto día sólo pinta 10 metros y el jefe enojado le pregunta:\n¿Cómo es posible que el primer día pinte 10 kilómetros y hoy solo diez metros?\nPues es natural, contesta el rubio cada día el bote de pintura me queda más lejos', 23, '2020-04-25 23:20:07'),
(557, 'DE EMPRESARIO A EMPRESARIO:\n- ¿Cómo consigues que tus empleados lleguen puntuales al trabajo?\n- Sencillo, tengo 30 empleados, pero sólo 20 aparcamientos.', 23, '2020-04-25 23:20:31');
INSERT INTO `chistes` (`id_chiste`, `chiste`, `id_categoria`, `fecha`) VALUES
(558, 'La maestra se acerca a Pepito y le dice:\n—Sabes muy bien que no puedes dormir en mi clase, Pepito.\nPepito le responde:\n—Lo sé, señorita. Podría dormir si no hablaras tan fuerte.', 22, '2020-04-25 23:21:16'),
(559, 'Le dice la maestra a Pepito:\n—Pepito, has llegado tarde a la escuela toda esta semana. \n¿Sabes lo que eso significa?\n—Sí señorita, significa que hoy es viernes.', 22, '2020-04-25 23:21:33'),
(560, 'Le dice la maestra a pepito:\n—Te dije que escribieras este poema 10 veces para que aprendas a escribir\n y solo lo has hecho 7 veces.\nPepito le responde:\n—Maestra es que tampoco sé contar.', 22, '2020-04-25 23:21:55'),
(561, 'Una pareja de recién casados, en la noche de bodas, \ndulcemente, ella dice: - Cariño, vamos a tener tres hijas. \n- Y tú, ¿Cómo lo sabes? - \nPorque están viviendo en casa de mi madre.', 18, '2020-04-25 23:22:57'),
(562, '¿Te regañó mucho ayer tu mujer por quedarte un rato más a jugar cartas? \n-No, no. Total estos cuatro dientes me los tenía que sacar de todas formas.', 18, '2020-04-25 23:23:11'),
(563, 'Si el 50% de los matrimonios acaba en divorcio, \nno sería más fácil tirar una moneda para decidir si te casas?', 18, '2020-04-25 23:23:22'),
(564, 'Estaban dos esposos durmiendo en su casa, \ncuando de repente la señora escucha un ruido, y dice: \nJuan despierta, creo que se quieren entrar a robar. \n¡Asómate a la ventana para que crean que tenemos PERRO!', 18, '2020-04-25 23:23:40'),
(565, '!Mamá,mamá! ya he encontrado trabajo.\n¿Dónde?\nMe han llamado de Vodafone y me ofrecen contrato de 18 meses.\nPero qué tonta eres hija mía…', 15, '2020-04-25 23:24:23'),
(566, 'En clase de Historia, le preguntan a Jaimito:\n- ¿Qué ocurrió en 1.812?\n- Yo qué sé, profesora, si ni siquiera había nacido.', 14, '2020-04-25 23:24:49'),
(567, 'Jaimito, ¿cuál sería el futuro del verbo robar?\n-¡Pues la cárcel profesora!.', 14, '2020-04-25 23:25:13'),
(568, '¿Cuál es el colmo de un plátano? \nQue no lo pelen', 7, '2020-04-25 23:26:10'),
(569, '¿Cuál es el colmo de un policía? \nTener dos esposas', 7, '2020-04-25 23:26:21'),
(570, '¿Qué le dice un ganso a una gansa?\n¡Venganza!', 25, '2020-04-25 23:27:40'),
(571, 'Esto es un vendedor ambulante, anunciando........\n- ¡Pastillas de la felicidad!.......vendo!!!pastillas de la felicidad !!!\nVa uno y las compra……al poco vuelve y le dice al vendedor:\n-Oiga.....¡Pero si son aspirinas!\nY el vendedor le contesta:\n- Si, pero si las compra, a mí me hace muy feliz.', 23, '2020-04-25 23:28:07'),
(572, 'Dice la maestra muy enojada:\n—Pepito copiaste del examen de Juanito, ¿verdad?\n—Maestra, ¿cómo lo supiste? —pregunta Pepito.\n—Porque las 4 primeras respuestas están exactamente iguales, \ny en la última Juanito respondió: \n“No lo sé” y tú respondiste “Yo tampoco.”', 22, '2020-04-26 02:32:49'),
(576, 'Pepito le pregunta a su papá: Papi, \n¿Cuál es el animal que salta más que un árbol? \nEl papá se pone a pensar, después de mucho tiempo le dice: \nNo sé, Pepito. Entonces, Pepito responde: \n¡Ninguno!, los árboles no saltan.', 22, '2020-04-29 22:34:54'),
(577, 'Mi amor, éramos tan felices hace 15 años. \nPero mi amor, hace 15 años no nos conocíamos. \nPor eso mi amor, por eso.', 18, '2020-04-29 22:56:23'),
(583, 'La maestra le dice a Jaimito:\n-Jaimito si escribo \"en estas vacaciones me aburrí mucho\", ¿que falta ves?\n-Que no tuvo novio, señorita', 14, '2020-05-19 20:57:46'),
(584, 'Mamá, Mamá\n¿Qué quieres?\n¿Qué pasa si un zombie se besa con otro zombie?\nNo sé\nZombienPutos JAJAJAJA.. ¿Porqué lloras MAMÁ?\nporque me saliste bien pendejito', 15, '2020-06-07 04:22:43'),
(586, 'Esta es la primera vez en la historia \nen la que puedes salvar al mundo por estar\nde huevón en casa,\n¡NO LA VAYAS A CAGAR!\n\n#QuédateEnCasa', 26, '2020-06-07 23:30:21'),
(587, '¡Bienvenido al infierno sufrirás los peores tormentos!\nestuve toda la cuarentena con mi mujer!\nAh caray entonces viene a dar capacitación\n¡pase usted!.\n\n#QuédateEnCasa', 26, '2020-06-22 01:32:10'),
(588, '- Distancia 2 metros\n- Sin Abrazos\n- Sin Besos\n- Sin Actividad social\nComo la vida de casados... Pero con Tos\n\n#QuédateEnCasa', 26, '2020-06-25 16:30:28'),
(589, 'Después del CoronaVirus\r\nVienen los del INEGI exigiendo un nuevo conteo para el censo y pasan preguntando casa por casa\r\nBUENOS DÍAS \r\n¿CUÁNTOS QUEDARON?  :)\r\n\r\n#QuédateEnCasa', 26, '2020-06-26 22:39:28'),
(590, 'Jaimito entra a la farmacia y dice \nvengo a comprar un cubre bocas \nNecesitas uno para entrar aquí\npero no tengo\nEntonces cómprate uno\nA ESO VINE\nPERO NECESITAS UNO PARA ENTRAR\nPERO NO TENGO UNO\nPUES CÓMPRATELO. :)\n\n#QuédateEnCasa', 26, '2020-06-27 16:37:50'),
(591, 'Debido a la CoronaCrisis Jaimito esta haciendo home office  y de ahí un día se pregunta\n¿TODAVÍA SERVIRÁN LAS GALLETAS QUE OLVIDÉ EN EL CAJÓN DE LA OFICINA? :)\n\n#QuédateEnCasa', 26, '2020-06-29 02:14:32'),
(592, '¿Porqué llevan tanto papel higiénico? \nporque cada vez que 1 persona estornuda 50 se cagan del miedo\n\n#QuédateEnCasa', 26, '2020-06-29 14:25:58'),
(593, '- Vengo del futuro y el único sobreviviente al CoronaVirus es PinPón\r\n- ¿Por qué? \r\n- Porque además de ser guapo y de cartón se lava las manos\r\ncon Agua y con Jabón\r\n\r\n#QuédateEnCasa', 26, '2020-06-30 23:55:19'),
(594, 'Cuando te da el Covid-19 y te atienden en el \r\nIMSS \r\ny tu preguntas\r\noigan ¿y mi Brazo?\r\n\r\n#QuédateEnCasa', 26, '2020-07-02 00:37:15'),
(595, 'El Coronavirus no va a durar mucho porque esta HECHA EN CHINA\r\n\r\n#QuédateEnCasa', 26, '2020-07-03 00:30:29'),
(596, '- Señor en esta CoronaCrisis a dado positivo a Covid-19\r\n-Imposible \r\n- Tengo 700 rollos de papel higiénico\r\n\r\n#QuédateEnCasa\r\n', 26, '2020-07-04 00:37:31'),
(597, 'Día 70 de Cuarentena\nEstoy conociendo mejor a esta gente que vive en mi casa,\nparecen ser amables\nDicen ser mi familia\n\n#QuédateEnCasa', 26, '2020-07-04 22:11:26'),
(598, 'Hoy con el Covid-19\r\nCaras vemos, asintomáticos no sabemos :)\r\n\r\n#QuédateEnCasa', 26, '2020-07-05 21:40:02'),
(599, 'Hoy con el Covid-19\r\nSi escuchas que la gripe suena, ponte en Cuarentena\r\n\r\n#QuédateEnCasa', 26, '2020-07-06 19:54:32'),
(600, 'Hoy con el Covid-19\r\nMás vale viejito encerrado \r\nque pronto enterrado :)\r\n\r\n#QuédateEnCasa', 26, '2020-07-07 23:43:54'),
(601, 'Hoy con el Covid-19\r\nMás vale estornudo controlado \r\nque cientos de virus volando\r\n\r\n#QuédateEnCasa', 26, '2020-07-08 21:51:06'),
(602, 'Jaimito escucha una muy buena noticia\r\n- Anuncia la Secretaria de Salud que en esta contingencia ya estamos cerca del pico\r\nentonces Jaimito responde: \r\n- Sí, pero del pico de los zopilotes, si seguimos saliendo a lo pendejo a la calle :)\r\n\r\n#QuédateEnCasa', 26, '2020-07-09 23:56:07'),
(603, 'Hoy con el Covid-19\r\nNo sé qué me da más miedo, si tomarme la temperatura o pesarme.\r\n\r\n#QuédateEnCasa', 26, '2020-07-11 00:35:23'),
(604, 'Hoy con el Covid-19\r\nMe dan ganas de meterme a la lavadora de ropa para poder dar una vuelta.\r\n\r\n#QuédateEnCasa', 26, '2020-07-12 00:39:59'),
(605, 'Hoy con el Covid-19\r\nMi perro me mira como diciendo: \r\nviste que estando encerrado te dan ganas de romper todo.\r\n\r\n#QuédateEnCasa', 26, '2020-07-13 00:28:00'),
(606, 'Antes no me dejaba salir mi ex y ahora no me deja salir ni el gobierno :(\r\n\r\n#QuédateEnCasa', 26, '2020-07-14 01:28:16'),
(607, 'Este fue el primer año que no viajo a Europa por culpa de una pandemia\nLas anteriores fueron por falta de dinero :)\n\n#QuédateEnCasa', 26, '2020-07-21 23:47:00'),
(608, 'Hoy con el Covid-19 \nAcaban de extender la cuarentena hasta cuatro kilos más  :)\n\n#QuédateEnCasa', 26, '2020-07-23 02:26:18'),
(609, 'Qué pesadilla más mala tuve anoche. Soñé que volvían a abrir los bares y la gente entraba por orden alfabético. Yo era Zinedine Zidane.\n\n#QuédateEnCasa', 26, '2020-08-05 22:34:36'),
(610, 'El coronavirus es como los cuernos que te pone el novio o la novia, unos ya los tiene otros lo tendrán y muchos nunca lo sabrán que lo tuvieron\n\n#QuédateEnCasa', 26, '2020-08-06 05:09:07'),
(611, 'Si usted mantiene siempre 2 cervezas en las manos, nunca podrá tocarse la cara. Síganme para más consejos contra el Covid-19\n\n#QuédateEnCasa', 26, '2020-08-08 05:08:40'),
(612, 'Me he hecho un Test del Coronavirus de los que ha comprado el gobierno y me ha salido una niña\n\n#QuédateEnCasa', 26, '2020-08-09 03:29:51'),
(613, 'No sé si venceremos al Coronavirus, pero si todos aplaudimos mucho a los médicos tal vez matemos suficientes mosquitos como para vencer al dengue.\n\n#QuédateEnCasa', 26, '2020-08-09 21:31:17'),
(614, 'Hoy con el Covid-19\n¿Me pregunto si será muy pronto para poner el árbol y el Nacimiento? Es que ya no sé qué hacer :)', 26, '2020-08-13 03:47:35'),
(615, 'Hoy con el Covid-19\nMi familia se enoja porque me levanto a las doce del mediodía. Uuuy, no se me vaya a hacer tarde para hacerme pendejo :)\n\n#QuédateEnCasa', 26, '2020-08-15 00:39:55'),
(616, '- Hola oye sé que quieres algo conmigo o no ?\n- Cuando haya una pandemia mundial entonces si, ahora no me veo preparada\n- Hola ya te veo preparada\n\n#QuédateEnCasa', 26, '2020-08-15 14:38:53'),
(617, 'Hoy con el Covid-19 \nDecían que enero era largo. hoy parece 80 de Agosto\n\n#QuédateEnCasa.', 26, '2020-08-17 00:07:07'),
(618, 'Hoy con el Covid-19\nEstoy tanto tiempo en mi casa y sin trabajar que tengo miedo de volverme político.\n\n#QuédateEnCasa', 26, '2020-08-17 04:04:54'),
(619, 'Hoy con el Covid-19\nPrimero fue difícil aceptar #QuédateEnTuCasa. Ahora viene algo más difícil: #QuédateEnTuTalla :)\n\n#QuédateEnCasa', 26, '2020-08-18 05:28:19'),
(620, '- ¿Para qué quieres ser vacunado contra el Covid-19?\n- para acabar con el virus\n- ¿La vacuna de la gripe a acabado con la gripe? :(\n\n#QuédateEnCasa', 26, '2020-08-19 03:56:18'),
(621, 'La gente me pregunta si el Covid-19 es tan grave como dicen. Yo les respondo que están cerrados los casinos, los cabarets y las cantinas; las capillas, los templos y las iglesias; cuando el cielo y el infierno se ponen de acuerdo es porque la cosa está de la chingada.\n\n#QuédateEnCasa', 26, '2020-08-20 21:40:51'),
(622, 'Hoy con el covid-19 \r\nprohibido decir ¡Qué gordo que estás! cuando termine la cuarentena :)\r\n\r\n#QuédateEnCasa', 26, '2020-08-22 00:39:51'),
(623, 'Hoy con el covid-19 \n- Jaimito le pregunta a su Mamá\n- Mamá ¿Qué hay de comer hoy?\n- Papel higiénico con tomate\n\n#QuédateEnCasa', 26, '2020-08-24 04:23:14'),
(624, 'Mis respetos para el Covid-19\nfue el único que pudo\nsacar a las teiboleras de trabajar.\n\n#QuédateEnCasa', 26, '2020-08-25 16:05:35'),
(625, 'Hoy con el covid-19\nDespués de todo lo que estamos pasando, sólo falta que cuando saquen la vacuna, sea un supositorio\n\n#QuédateEnCasa', 26, '2020-08-25 23:08:11'),
(626, 'Hoy con el Covid-19\nHay que tratar de mantener el equilibrio emocional en la cuarentena, les comenté ayer a la esponja y al jabón.\n\n#QuédateEnCasa', 26, '2020-08-27 19:33:18'),
(627, 'Horoscopo: \nAlgo positivo llegará a tu vida este mes\npositivo a Covid-19 :)\n\n#QuédateEnCasa', 26, '2020-08-29 16:43:05'),
(628, 'Hoy con el Covid-19 \r\nMi Perro se pone a pensar, veo que estas teniendo tu clase por videoconferencia con tus compañeros, seria una lástima que alguien decidiera ladrar sin control :)\r\n\r\n#QuédateEnCasa', 26, '2020-08-30 23:56:43'),
(629, '- Mamá estoy con el médico creo que tengo Coronavirus\n- ya ves por andar descalzo :)\n\n#QuédateEnCasa', 26, '2020-09-01 15:10:54'),
(630, 'Cuando te dan risa los chistes del Covid-19\npero por dentro realmente estas preocupado :)\n\n#QuédateEnCasa', 26, '2020-09-02 15:36:15'),
(631, '-Buenas tardes ¿tiene gel antibacterial?\n-Si, señor\n-Bueno ponte en las manos y dame una caguama\n\n#QuédateEnCasa', 26, '2020-09-03 14:31:27'),
(632, '- Yo pensé que tenia el CoronaViru\n- Pero el doctor me dijo que nada más tengo Covid19\n\n#QuédateEnCasa', 26, '2020-09-07 16:42:07'),
(633, 'Para frenar al Coronavirus mastique 2 cabezas de ajo al día.\nAl virus no le hace ni mierda, pero mantiene a la gente alejada 2 metros de usted :)\n\n#QuédateEnCasa', 26, '2020-09-08 23:45:33'),
(634, 'Desayunando con mi hija (7 años) :\n- Mami, hoy se han muerto 20 personas de CoronaVirus\n- Vaya, Cariño que noticia tan triste.\n- Yo intentando hacer amigos pero es que se va acabar la gente :)\n\n#QuédateEnCasa', 26, '2020-09-10 16:02:18'),
(635, '- Mijo esta no es la mascarilla con la que fuiste al Cole esta mañana\n- no mamá esta es mucho más chula, me la cambié con Diego y el se la cambió a Lucas :)\n\n#QuédateEnCasa', 26, '2020-09-11 22:21:19'),
(636, 'Hoy con la CoronaCrisis\ntengo que aguantarme la tos para que no piensen que tengo el Covid-19 después de ahogarme con mi saliva :)', 26, '2020-09-12 19:01:33'),
(637, 'Coronavirus, Pandemias, Avispas Asesinas, Mosquitos, Terremotos, Huracanes, Tormentas, Cocodrilos\nPor favor el que esté jugando JUMANJI que termine la partida :)\n\n#QuédateEnCasa', 26, '2020-09-14 00:17:43'),
(638, 'Hoy con el Covid-19\nYa solo faltan 3 meses para que salgan las mascarilla con lucecitas de navidad que nervios :)\n\n#QuédateEnCasa', 26, '2020-09-16 02:35:00'),
(639, 'Dicen que van a controlar el Covid-19 en las escuelas... no pueden controlar ni los piojos :)\n\n#QuédateEnCasa', 26, '2020-09-16 19:45:44'),
(640, 'Hoy con el Covid-19\r\nNunca te das cuenta de lo antisocial que eres hasta que hay una pandemia y tu vida realmente no cambió tanto :)\r\n\r\n#QuédateEnCasa', 26, '2020-09-19 02:44:28'),
(641, 'Hoy con el Covid-19\nObligar el CubreBocas tras 3 meses de pandemia es como ponerse el condón el día del Bautizo\n\n#QuédateEnCasa', 26, '2020-09-21 01:57:30'),
(642, 'Hoy con el Covid-19 \n¿Qué nivel de Cuarentena han desbloqueado?\n1.- Hacer Pay de limón\n2.- Descargar TiKToK\n3.- Hablarle a su ex\n\n#QuédateEnCasa', 26, '2020-09-26 00:34:44'),
(643, 'Hoy con el Covid-19\nCuando empiezas a sentir un cosquilleo en la garganta y tu piensas que ya te dio el Covid\npero luego resulta que es un resfriado común :)\n\n#QuédateEnCasa', 26, '2020-09-30 00:14:51'),
(648, 'Si debido al Aislamiento Social Obligatorio, usted comienza a hablar con sus plantas, es normal. No llame, solo llame si sus plantas le contestan :)\n\n#QuédateEnCasa', 26, '2020-10-04 06:20:46'),
(650, 'A lo mejor si me querías 😘♥️, pero eras asintomático 😀\n\n#QuédateEnCasa', 26, '2020-10-05 01:57:40'),
(652, 'Mija no le tenga miedo 😱 al coronavirus, has agarrado 🗄️cosas peores y les decías Mi amor 🥰\n\n#QuédateEnCasa', 26, '2020-10-05 04:26:41'),
(653, 'Recuerdan esa ropa 👕👖que tenían guardada por si adelgazaban?\n\npues ya háganla cubrebocas 😂\n\n#QuédateEnCasa', 26, '2020-10-05 06:53:47'),
(654, '2020: \n\nEnero, Febrero, Cuarentena, Diciembre\n\n😂😁', 26, '2020-10-05 15:57:26'),
(656, 'Porfavor: a partir de hoy le ponen nombre y apellido a los cubrebocas 😷 porque me saludan y no se quién carajo fue 😄\n\n#QuédateEnCasa', 26, '2020-10-06 00:44:13'),
(657, 'Día 🌄 73 de Cuarentena: \n\ny todavía no sé cocinar 🍱🍲\n\n😁\n\n#QuédateEnCasa', 26, '2020-10-07 03:37:10'),
(659, 'Hoy con el Covid-19 \n\nPruébense sus jeans 👖 por lo menos cada 2 semanas.\nLos pants son una trampa 😂\n\nQuédateEnCasa', 26, '2020-10-11 22:23:47'),
(660, 'Sabes querida😘, cuando hablas me recuerdas al mar.🛥️\n- ¡Que lindo mi amor!💕. No sabía que te impresionará tanto😲, ¡No, si no me impresionas... me mareas! 😄', 50, '2020-10-21 04:10:14');

-- --------------------------------------------------------

--
-- Estructura de tabla para la tabla `favoritos`
--

CREATE TABLE `favoritos` (
  `fecha_id_favorito` datetime NOT NULL,
  `id_chiste` int(11) UNSIGNED NOT NULL,
  `id_usuario` int(11) UNSIGNED NOT NULL,
  `id_boton_favorito_rojo` varchar(100) COLLATE utf8_unicode_ci NOT NULL,
  `id_boton_favorito_normal` varchar(100) COLLATE utf8_unicode_ci NOT NULL
) ENGINE=InnoDB DEFAULT CHARSET=utf8 COLLATE=utf8_unicode_ci;

--
-- Volcado de datos para la tabla `favoritos`
--

INSERT INTO `favoritos` (`fecha_id_favorito`, `id_chiste`, `id_usuario`, `id_boton_favorito_rojo`, `id_boton_favorito_normal`) VALUES
('2020-05-19 23:07:21', 583, 26, '1000583', '2000583'),
('2020-06-01 01:02:20', 559, 30, '1000559', '2000559'),
('2020-06-01 01:02:58', 583, 30, '1000583', '2000583'),
('2020-06-05 20:21:22', 583, 51, '1000583', '2000583'),
('2020-06-05 20:30:46', 583, 54, '1000583', '2000583'),
('2020-06-28 00:25:47', 221, 83, '1000221', '2000221'),
('2020-07-04 00:18:29', 304, 117, '1000304', '2000304'),
('2020-07-04 00:49:15', 541, 118, '1000541', '2000541'),
('2020-07-04 02:13:03', 526, 117, '1000526', '2000526'),
('2020-07-06 07:35:35', 543, 128, '1000543', '2000543'),
('2020-07-07 03:11:56', 584, 56, '1000584', '2000584'),
('2020-07-12 05:32:34', 602, 139, '1000602', '2000602'),
('2020-07-12 05:32:36', 604, 139, '1000604', '2000604'),
('2020-07-13 00:34:07', 595, 152, '1000595', '2000595'),
('2020-07-17 00:13:40', 606, 186, '1000606', '2000606'),
('2020-07-19 02:46:32', 605, 196, '1000605', '2000605'),
('2020-07-20 17:02:19', 606, 203, '1000606', '2000606'),
('2020-07-23 07:29:13', 607, 48, '1000607', '2000607'),
('2020-07-25 23:09:41', 608, 163, '1000608', '2000608'),
('2020-08-01 08:17:05', 608, 280, '1000608', '2000608'),
('2020-08-02 12:53:25', 602, 296, '1000602', '2000602'),
('2020-08-02 12:53:35', 600, 296, '1000600', '2000600'),
('2020-08-02 12:54:28', 593, 296, '1000593', '2000593'),
('2020-08-02 12:55:23', 534, 296, '1000534', '2000534'),
('2020-08-02 12:55:35', 513, 296, '1000513', '2000513'),
('2020-08-02 12:56:11', 464, 296, '1000464', '2000464'),
('2020-08-02 12:56:58', 549, 296, '1000549', '2000549'),
('2020-08-02 21:24:44', 593, 280, '1000593', '2000593'),
('2020-08-02 21:25:07', 591, 280, '1000591', '2000591'),
('2020-08-02 23:14:05', 263, 296, '1000263', '2000263'),
('2020-08-02 23:14:43', 221, 296, '1000221', '2000221'),
('2020-08-02 23:15:13', 40, 296, '1000040', '2000040'),
('2020-08-02 23:17:52', 403, 296, '1000403', '2000403'),
('2020-08-04 00:03:17', 603, 312, '1000603', '2000603'),
('2020-08-04 00:04:20', 600, 312, '1000600', '2000600'),
('2020-08-04 00:05:53', 596, 312, '1000596', '2000596'),
('2020-08-04 00:06:14', 595, 312, '1000595', '2000595'),
('2020-08-04 00:11:32', 586, 312, '1000586', '2000586'),
('2020-08-04 00:14:24', 571, 312, '1000571', '2000571'),
('2020-08-08 22:20:26', 610, 332, '1000610', '2000610'),
('2020-08-10 14:31:40', 612, 376, '1000612', '2000612'),
('2020-08-11 09:26:36', 611, 386, '1000611', '2000611'),
('2020-08-12 22:45:57', 536, 152, '1000536', '2000536'),
('2020-08-18 01:25:39', 617, 280, '1000617', '2000617'),
('2020-08-19 18:42:32', 620, 464, '1000620', '2000620'),
('2020-08-20 02:24:37', 620, 471, '1000620', '2000620'),
('2020-08-20 02:25:10', 619, 471, '1000619', '2000619'),
('2020-08-20 02:25:27', 570, 471, '1000570', '2000570'),
('2020-08-21 13:32:59', 264, 481, '1000264', '2000264'),
('2020-08-21 13:33:37', 95, 481, '1000095', '2000095'),
('2020-08-21 13:35:08', 497, 481, '1000497', '2000497'),
('2020-08-21 13:35:37', 444, 481, '1000444', '2000444'),
('2020-08-21 13:37:20', 147, 481, '1000147', '2000147'),
('2020-08-21 13:41:58', 205, 481, '1000205', '2000205'),
('2020-08-21 13:44:04', 458, 481, '1000458', '2000458'),
('2020-08-21 13:46:54', 300, 481, '1000300', '2000300'),
('2020-08-22 01:15:37', 622, 488, '1000622', '2000622'),
('2020-08-26 22:11:21', 502, 540, '1000502', '2000502'),
('2020-08-30 00:37:30', 622, 574, '1000622', '2000622'),
('2020-09-01 01:09:04', 628, 442, '1000628', '2000628'),
('2020-09-04 04:19:03', 631, 442, '1000631', '2000631'),
('2020-09-07 18:45:58', 631, 280, '1000631', '2000631'),
('2020-09-09 06:21:02', 633, 607, '1000633', '2000633'),
('2020-09-10 04:28:06', 539, 673, '1000539', '2000539'),
('2020-09-11 05:58:33', 608, 48, '1000608', '2000608'),
('2020-09-11 23:48:51', 419, 693, '1000419', '2000419'),
('2020-09-12 00:00:03', 299, 693, '1000299', '2000299'),
('2020-09-14 20:18:10', 637, 725, '1000637', '2000637'),
('2020-09-17 04:10:47', 443, 749, '1000443', '2000443'),
('2020-09-17 04:12:06', 313, 749, '1000313', '2000313'),
('2020-09-17 04:14:08', 312, 749, '1000312', '2000312'),
('2020-09-17 04:14:10', 272, 749, '1000272', '2000272'),
('2020-09-17 04:14:40', 189, 749, '1000189', '2000189'),
('2020-09-17 04:16:50', 63, 749, '1000063', '2000063'),
('2020-09-17 04:16:57', 62, 749, '1000062', '2000062'),
('2020-09-17 04:18:19', 68, 749, '1000068', '2000068'),
('2020-09-17 04:19:59', 194, 749, '1000194', '2000194'),
('2020-09-17 04:21:11', 279, 749, '1000279', '2000279'),
('2020-09-17 04:22:10', 354, 749, '1000354', '2000354'),
('2020-09-17 04:24:12', 473, 749, '1000473', '2000473'),
('2020-09-17 04:24:30', 474, 749, '1000474', '2000474'),
('2020-09-17 04:24:38', 498, 749, '1000498', '2000498'),
('2020-09-17 04:26:03', 541, 749, '1000541', '2000541'),
('2020-09-17 04:27:40', 564, 749, '1000564', '2000564'),
('2020-09-17 16:01:57', 12, 749, '1000012', '2000012'),
('2020-09-17 16:05:17', 29, 749, '1000029', '2000029'),
('2020-09-18 04:56:46', 273, 754, '1000273', '2000273'),
('2020-09-18 04:59:53', 500, 754, '1000500', '2000500'),
('2020-09-18 05:01:33', 447, 754, '1000447', '2000447'),
('2020-09-18 05:03:19', 418, 754, '1000418', '2000418'),
('2020-09-18 05:10:47', 292, 754, '1000292', '2000292'),
('2020-09-18 15:58:40', 631, 754, '1000631', '2000631'),
('2020-09-18 16:01:56', 611, 754, '1000611', '2000611'),
('2020-09-18 16:02:38', 609, 754, '1000609', '2000609'),
('2020-09-18 16:04:23', 595, 754, '1000595', '2000595'),
('2020-09-18 16:05:58', 584, 754, '1000584', '2000584'),
('2020-09-18 16:10:27', 529, 754, '1000529', '2000529'),
('2020-09-19 14:28:46', 639, 380, '1000639', '2000639'),
('2020-09-19 23:30:46', 435, 781, '1000435', '2000435'),
('2020-09-22 23:10:39', 553, 781, '1000553', '2000553'),
('2020-09-24 23:16:14', 640, 781, '1000640', '2000640'),
('2020-09-24 23:51:20', 633, 804, '1000633', '2000633'),
('2020-09-25 23:09:05', 571, 781, '1000571', '2000571'),
('2020-09-25 23:11:19', 536, 781, '1000536', '2000536'),
('2020-09-25 23:12:31', 515, 781, '1000515', '2000515'),
('2020-09-26 02:04:02', 18, 825, '1000018', '2000018'),
('2020-09-26 02:06:56', 41, 825, '1000041', '2000041'),
('2020-09-26 02:09:05', 511, 825, '1000511', '2000511'),
('2020-09-26 02:14:31', 452, 825, '1000452', '2000452'),
('2020-09-29 02:23:00', 250, 852, '1000250', '2000250'),
('2020-09-29 02:24:03', 123, 852, '1000123', '2000123'),
('2020-09-29 23:17:19', 642, 860, '1000642', '2000642'),
('2020-09-30 06:18:01', 633, 861, '1000633', '2000633'),
('2020-09-30 06:38:49', 643, 861, '1000643', '2000643'),
('2020-09-30 06:46:25', 643, 862, '1000643', '2000643'),
('2020-09-30 06:47:36', 642, 862, '1000642', '2000642'),
('2020-09-30 06:50:55', 643, 863, '1000643', '2000643'),
('2020-10-01 14:07:27', 212, 874, '1000212', '2000212'),
('2020-10-02 10:20:52', 637, 621, '1000637', '2000637'),
('2020-10-02 21:28:54', 643, 163, '1000643', '2000643'),
('2020-10-05 01:30:45', 649, 48, '1000649', '2000649'),
('2020-10-05 04:57:38', 652, 864, '1000652', '2000652'),
('2020-10-05 04:57:40', 650, 864, '1000650', '2000650'),
('2020-10-05 19:42:06', 490, 704, '1000490', '2000490'),
('2020-10-05 22:00:10', 648, 911, '1000648', '2000648'),
('2020-10-07 17:41:27', 656, 864, '1000656', '2000656'),
('2020-10-07 17:41:28', 654, 864, '1000654', '2000654'),
('2020-10-07 17:41:29', 653, 864, '1000653', '2000653'),
('2020-10-07 17:42:31', 648, 864, '1000648', '2000648'),
('2020-10-07 17:42:32', 643, 864, '1000643', '2000643'),
('2020-10-07 17:42:33', 642, 864, '1000642', '2000642'),
('2020-10-07 17:42:51', 641, 864, '1000641', '2000641'),
('2020-10-07 17:42:55', 640, 864, '1000640', '2000640'),
('2020-10-07 17:42:56', 639, 864, '1000639', '2000639'),
('2020-10-07 17:42:58', 638, 864, '1000638', '2000638'),
('2020-10-07 17:43:49', 657, 864, '1000657', '2000657'),
('2020-10-08 06:13:31', 583, 890, '1000583', '2000583'),
('2020-10-08 06:13:52', 567, 890, '1000567', '2000567'),
('2020-10-10 01:29:24', 656, 955, '1000656', '2000656'),
('2020-10-10 01:29:25', 657, 955, '1000657', '2000657'),
('2020-10-10 01:30:00', 653, 955, '1000653', '2000653'),
('2020-10-10 01:31:35', 652, 955, '1000652', '2000652'),
('2020-10-10 01:32:27', 643, 955, '1000643', '2000643'),
('2020-10-10 01:36:24', 637, 955, '1000637', '2000637'),
('2020-10-10 01:57:11', 377, 955, '1000377', '2000377'),
('2020-10-10 04:34:01', 518, 955, '1000518', '2000518'),
('2020-10-10 04:39:28', 313, 955, '1000313', '2000313'),
('2020-10-10 04:39:56', 312, 955, '1000312', '2000312'),
('2020-10-10 04:41:51', 189, 955, '1000189', '2000189'),
('2020-10-10 04:42:13', 188, 955, '1000188', '2000188'),
('2020-10-11 04:50:45', 221, 955, '1000221', '2000221'),
('2020-10-11 23:06:07', 656, 971, '1000656', '2000656'),
('2020-10-11 23:07:24', 642, 971, '1000642', '2000642'),
('2020-10-11 23:10:40', 637, 971, '1000637', '2000637'),
('2020-10-11 23:13:42', 633, 971, '1000633', '2000633'),
('2020-10-15 22:04:48', 569, 977, '1000569', '2000569'),
('2020-10-21 04:15:41', 621, 1053, '1000621', '2000621'),
('2020-10-21 04:17:16', 612, 1053, '1000612', '2000612'),
('2020-10-21 04:17:32', 611, 1053, '1000611', '2000611'),
('2020-10-21 04:18:22', 607, 1053, '1000607', '2000607'),
('2020-10-21 04:18:41', 605, 1053, '1000605', '2000605'),
('2020-10-21 04:18:49', 604, 1053, '1000604', '2000604'),
('2020-10-21 04:18:57', 603, 1053, '1000603', '2000603'),
('2020-10-21 04:20:41', 592, 1053, '1000592', '2000592'),
('2020-10-21 04:22:26', 584, 1053, '1000584', '2000584'),
('2020-10-21 04:23:04', 576, 1053, '1000576', '2000576'),
('2020-10-21 04:23:44', 571, 1053, '1000571', '2000571'),
('2020-10-21 04:24:11', 570, 1053, '1000570', '2000570'),
('2020-10-21 04:24:17', 569, 1053, '1000569', '2000569'),
('2020-10-21 04:24:22', 568, 1053, '1000568', '2000568'),
('2020-10-21 04:24:34', 567, 1053, '1000567', '2000567'),
('2020-10-21 04:25:14', 563, 1053, '1000563', '2000563'),
('2020-10-21 04:26:19', 533, 1053, '1000533', '2000533'),
('2020-10-21 04:26:29', 512, 1053, '1000512', '2000512'),
('2020-10-21 04:26:49', 463, 1053, '1000463', '2000463'),
('2020-10-21 04:27:02', 436, 1053, '1000436', '2000436'),
('2020-10-21 04:27:14', 406, 1053, '1000406', '2000406'),
('2020-10-21 04:27:21', 405, 1053, '1000405', '2000405'),
('2020-10-21 04:27:49', 340, 1053, '1000340', '2000340'),
('2020-10-21 04:27:57', 305, 1053, '1000305', '2000305'),
('2020-10-21 04:28:51', 136, 1053, '1000136', '2000136'),
('2020-10-21 04:29:58', 431, 1053, '1000431', '2000431'),
('2020-10-21 04:30:04', 402, 1053, '1000402', '2000402'),
('2020-10-21 04:30:17', 401, 1053, '1000401', '2000401'),
('2020-10-21 04:30:42', 371, 1053, '1000371', '2000371'),
('2020-10-21 04:30:49', 336, 1053, '1000336', '2000336'),
('2020-10-21 04:32:00', 88, 1053, '1000088', '2000088'),
('2020-10-21 04:33:21', 221, 1053, '1000221', '2000221'),
('2020-10-21 04:40:03', 288, 1053, '1000288', '2000288'),
('2020-10-21 04:40:52', 78, 1053, '1000078', '2000078');

-- --------------------------------------------------------

--
-- Estructura de tabla para la tabla `prueba`
--

CREATE TABLE `prueba` (
  `id` int(11) NOT NULL,
  `comentario` varchar(800) DEFAULT NULL
) ENGINE=InnoDB DEFAULT CHARSET=utf8mb4;

--
-- Volcado de datos para la tabla `prueba`
--

INSERT INTO `prueba` (`id`, `comentario`) VALUES
(1, '☝️ Ahora realiza este ejercicio '),
(2, '🤣 Hola 🤣 👍'),
(3, 'Mija no tenga miedo 😱 al coronavirus, has agarrado 🗄️ cosas peores y les decías Mi amor 🥰');

-- --------------------------------------------------------

--
-- Estructura de tabla para la tabla `usuarios`
--

CREATE TABLE `usuarios` (
  `id_usuario` int(10) UNSIGNED NOT NULL,
  `nombre` varchar(250) COLLATE utf8_unicode_ci DEFAULT NULL,
  `apellidos` varchar(250) COLLATE utf8_unicode_ci DEFAULT NULL,
  `fecha` datetime NOT NULL
) ENGINE=InnoDB DEFAULT CHARSET=utf8 COLLATE=utf8_unicode_ci;

--
-- Volcado de datos para la tabla `usuarios`
--

INSERT INTO `usuarios` (`id_usuario`, `nombre`, `apellidos`, `fecha`) VALUES
(1, NULL, NULL, '2020-05-19 15:34:58'),
(2, NULL, NULL, '2020-05-19 18:22:09'),
(3, NULL, NULL, '2020-05-19 18:24:28'),
(4, NULL, NULL, '2020-05-19 18:24:36'),
(5, NULL, NULL, '2020-05-19 18:24:54'),
(6, NULL, NULL, '2020-05-19 18:25:08'),
(7, NULL, NULL, '2020-05-19 18:25:54'),
(8, NULL, NULL, '2020-05-19 18:26:00'),
(9, NULL, NULL, '2020-05-19 18:30:00'),
(10, NULL, NULL, '2020-05-19 19:15:26'),
(11, NULL, NULL, '2020-05-19 20:45:57'),
(12, NULL, NULL, '2020-05-19 20:47:44'),
(13, NULL, NULL, '2020-05-19 20:52:59'),
(14, NULL, NULL, '2020-05-19 21:52:52'),
(15, NULL, NULL, '2020-05-19 21:53:01'),
(16, NULL, NULL, '2020-05-19 21:54:42'),
(17, NULL, NULL, '2020-05-19 21:54:48'),
(18, NULL, NULL, '2020-05-19 21:54:56'),
(19, NULL, NULL, '2020-05-19 21:55:28'),
(20, NULL, NULL, '2020-05-19 21:56:39'),
(21, NULL, NULL, '2020-05-19 22:04:27'),
(22, NULL, NULL, '2020-05-19 22:44:26'),
(23, NULL, NULL, '2020-05-19 22:53:12'),
(24, NULL, NULL, '2020-05-19 22:56:27'),
(25, NULL, NULL, '2020-05-19 23:00:28'),
(26, NULL, NULL, '2020-05-19 23:07:08'),
(27, NULL, NULL, '2020-05-19 23:26:17'),
(28, NULL, NULL, '2020-05-20 01:06:49'),
(29, NULL, NULL, '2020-05-20 03:03:51'),
(30, NULL, NULL, '2020-06-01 01:00:13'),
(31, NULL, NULL, '2020-06-01 03:10:33'),
(32, NULL, NULL, '2020-06-01 03:10:41'),
(33, NULL, NULL, '2020-06-01 03:10:53'),
(34, NULL, NULL, '2020-06-01 03:11:52'),
(35, NULL, NULL, '2020-06-01 03:12:01'),
(36, NULL, NULL, '2020-06-01 03:12:07'),
(37, NULL, NULL, '2020-06-01 03:14:18'),
(38, NULL, NULL, '2020-06-01 03:17:27'),
(39, NULL, NULL, '2020-06-01 03:25:32'),
(40, NULL, NULL, '2020-06-01 03:25:32'),
(41, NULL, NULL, '2020-06-01 03:26:09'),
(42, NULL, NULL, '2020-06-01 03:26:39'),
(43, NULL, NULL, '2020-06-01 10:52:41'),
(44, NULL, NULL, '2020-06-03 23:36:15'),
(45, NULL, NULL, '2020-06-05 07:24:33'),
(46, NULL, NULL, '2020-06-05 15:21:08'),
(47, NULL, NULL, '2020-06-05 16:19:31'),
(48, NULL, NULL, '2020-06-05 18:21:48'),
(49, NULL, NULL, '2020-06-05 20:11:16'),
(50, NULL, NULL, '2020-06-05 20:19:43'),
(51, NULL, NULL, '2020-06-05 20:21:10'),
(52, NULL, NULL, '2020-06-05 20:25:02'),
(53, NULL, NULL, '2020-06-05 20:25:30'),
(54, NULL, NULL, '2020-06-05 20:28:48'),
(55, NULL, NULL, '2020-06-06 03:27:11'),
(56, NULL, NULL, '2020-06-07 17:43:44'),
(57, NULL, NULL, '2020-06-13 17:07:43'),
(58, NULL, NULL, '2020-06-14 15:11:42'),
(59, NULL, NULL, '2020-06-15 12:32:55'),
(60, NULL, NULL, '2020-06-17 01:15:10'),
(61, NULL, NULL, '2020-06-17 15:45:26'),
(62, NULL, NULL, '2020-06-17 20:21:47'),
(63, NULL, NULL, '2020-06-20 03:57:00'),
(64, NULL, NULL, '2020-06-20 22:22:34'),
(65, NULL, NULL, '2020-06-21 15:28:34'),
(66, NULL, NULL, '2020-06-21 16:23:24'),
(67, NULL, NULL, '2020-06-21 16:45:13'),
(68, NULL, NULL, '2020-06-21 22:40:04'),
(69, NULL, NULL, '2020-06-22 16:07:25'),
(70, NULL, NULL, '2020-06-22 18:50:35'),
(71, NULL, NULL, '2020-06-23 00:41:50'),
(72, NULL, NULL, '2020-06-23 02:38:36'),
(73, NULL, NULL, '2020-06-23 12:54:35'),
(74, NULL, NULL, '2020-06-24 05:33:39'),
(75, NULL, NULL, '2020-06-24 15:34:16'),
(76, NULL, NULL, '2020-06-24 19:52:17'),
(77, NULL, NULL, '2020-06-24 21:29:04'),
(78, NULL, NULL, '2020-06-25 01:00:03'),
(79, NULL, NULL, '2020-06-25 07:30:53'),
(80, NULL, NULL, '2020-06-25 16:45:07'),
(81, NULL, NULL, '2020-06-25 18:11:07'),
(82, NULL, NULL, '2020-06-25 19:05:44'),
(83, NULL, NULL, '2020-06-26 15:51:50'),
(84, NULL, NULL, '2020-06-26 18:13:00'),
(85, NULL, NULL, '2020-06-27 08:35:48'),
(86, NULL, NULL, '2020-06-28 01:06:21'),
(87, NULL, NULL, '2020-06-28 01:56:27'),
(88, NULL, NULL, '2020-06-28 11:39:36'),
(89, NULL, NULL, '2020-06-28 15:41:43'),
(90, NULL, NULL, '2020-06-28 17:23:22'),
(91, NULL, NULL, '2020-06-28 21:42:01'),
(92, NULL, NULL, '2020-06-29 00:19:55'),
(93, NULL, NULL, '2020-06-29 01:17:48'),
(94, NULL, NULL, '2020-06-29 02:55:02'),
(95, NULL, NULL, '2020-06-30 00:47:41'),
(96, NULL, NULL, '2020-06-30 16:36:52'),
(97, NULL, NULL, '2020-06-30 17:22:47'),
(98, NULL, NULL, '2020-06-30 18:29:43'),
(99, NULL, NULL, '2020-06-30 20:07:24'),
(100, NULL, NULL, '2020-06-30 20:52:10'),
(101, NULL, NULL, '2020-06-30 23:32:59'),
(102, NULL, NULL, '2020-06-30 23:47:51'),
(103, NULL, NULL, '2020-07-01 07:20:53'),
(104, NULL, NULL, '2020-07-01 13:32:32'),
(105, NULL, NULL, '2020-07-01 19:25:46'),
(106, NULL, NULL, '2020-07-01 21:21:02'),
(107, NULL, NULL, '2020-07-02 03:07:18'),
(108, NULL, NULL, '2020-07-02 04:44:26'),
(109, NULL, NULL, '2020-07-02 15:10:24'),
(110, NULL, NULL, '2020-07-02 16:26:23'),
(111, NULL, NULL, '2020-07-02 16:27:26'),
(112, NULL, NULL, '2020-07-03 02:49:47'),
(113, NULL, NULL, '2020-07-03 03:31:09'),
(114, NULL, NULL, '2020-07-03 04:37:59'),
(115, NULL, NULL, '2020-07-03 11:59:46'),
(116, NULL, NULL, '2020-07-03 21:15:50'),
(117, NULL, NULL, '2020-07-04 00:08:36'),
(118, NULL, NULL, '2020-07-04 00:33:52'),
(119, NULL, NULL, '2020-07-04 17:41:18'),
(120, NULL, NULL, '2020-07-04 22:46:22'),
(121, NULL, NULL, '2020-07-05 08:39:33'),
(122, NULL, NULL, '2020-07-05 08:44:08'),
(123, NULL, NULL, '2020-07-05 13:14:09'),
(124, NULL, NULL, '2020-07-05 18:28:37'),
(125, NULL, NULL, '2020-07-06 00:59:18'),
(126, NULL, NULL, '2020-07-06 01:16:33'),
(127, NULL, NULL, '2020-07-06 06:48:40'),
(128, NULL, NULL, '2020-07-06 07:28:03'),
(129, NULL, NULL, '2020-07-06 12:31:54'),
(130, NULL, NULL, '2020-07-06 13:59:45'),
(131, NULL, NULL, '2020-07-06 18:34:48'),
(132, NULL, NULL, '2020-07-06 18:34:53'),
(133, NULL, NULL, '2020-07-06 18:43:24'),
(134, NULL, NULL, '2020-07-06 18:55:41'),
(135, NULL, NULL, '2020-07-07 11:26:01'),
(136, NULL, NULL, '2020-07-08 08:04:26'),
(137, NULL, NULL, '2020-07-08 13:43:06'),
(138, NULL, NULL, '2020-07-08 20:17:21'),
(139, NULL, NULL, '2020-07-09 03:24:05'),
(140, NULL, NULL, '2020-07-09 11:12:40'),
(141, NULL, NULL, '2020-07-09 16:59:07'),
(142, NULL, NULL, '2020-07-09 17:10:03'),
(143, NULL, NULL, '2020-07-09 21:05:37'),
(144, NULL, NULL, '2020-07-09 23:30:13'),
(145, NULL, NULL, '2020-07-10 00:27:26'),
(146, NULL, NULL, '2020-07-10 13:15:53'),
(147, NULL, NULL, '2020-07-11 01:38:22'),
(148, NULL, NULL, '2020-07-11 02:38:32'),
(149, NULL, NULL, '2020-07-11 03:40:39'),
(150, NULL, NULL, '2020-07-11 14:08:25'),
(151, NULL, NULL, '2020-07-11 19:46:05'),
(152, NULL, NULL, '2020-07-12 01:23:35'),
(153, NULL, NULL, '2020-07-12 01:28:16'),
(154, NULL, NULL, '2020-07-12 02:11:26'),
(155, NULL, NULL, '2020-07-12 16:05:27'),
(156, NULL, NULL, '2020-07-12 23:47:40'),
(157, NULL, NULL, '2020-07-13 11:29:23'),
(158, NULL, NULL, '2020-07-13 19:36:08'),
(159, NULL, NULL, '2020-07-14 01:09:10'),
(160, NULL, NULL, '2020-07-14 02:30:53'),
(161, NULL, NULL, '2020-07-14 16:40:42'),
(162, NULL, NULL, '2020-07-14 17:51:09'),
(163, NULL, NULL, '2020-07-15 00:02:43'),
(164, NULL, NULL, '2020-07-15 00:11:47'),
(165, NULL, NULL, '2020-07-15 00:24:01'),
(166, NULL, NULL, '2020-07-15 00:40:26'),
(167, NULL, NULL, '2020-07-15 01:48:45'),
(168, NULL, NULL, '2020-07-15 02:37:41'),
(169, NULL, NULL, '2020-07-15 03:05:49'),
(170, NULL, NULL, '2020-07-15 05:54:59'),
(171, NULL, NULL, '2020-07-15 05:55:10'),
(172, NULL, NULL, '2020-07-15 05:55:17'),
(173, NULL, NULL, '2020-07-15 05:55:53'),
(174, NULL, NULL, '2020-07-15 05:57:45'),
(175, NULL, NULL, '2020-07-15 05:59:35'),
(176, NULL, NULL, '2020-07-15 05:59:51'),
(177, NULL, NULL, '2020-07-15 06:01:08'),
(178, NULL, NULL, '2020-07-15 22:30:07'),
(179, NULL, NULL, '2020-07-16 01:19:20'),
(180, NULL, NULL, '2020-07-16 01:23:56'),
(181, NULL, NULL, '2020-07-16 08:06:37'),
(182, NULL, NULL, '2020-07-16 15:59:16'),
(183, NULL, NULL, '2020-07-16 20:00:29'),
(184, NULL, NULL, '2020-07-16 20:36:38'),
(185, NULL, NULL, '2020-07-16 20:52:22'),
(186, NULL, NULL, '2020-07-17 00:09:03'),
(187, NULL, NULL, '2020-07-17 00:27:00'),
(188, NULL, NULL, '2020-07-17 00:36:30'),
(189, NULL, NULL, '2020-07-17 01:58:10'),
(190, NULL, NULL, '2020-07-18 05:10:47'),
(191, NULL, NULL, '2020-07-18 12:11:01'),
(192, NULL, NULL, '2020-07-18 14:41:51'),
(193, NULL, NULL, '2020-07-18 14:48:52'),
(194, NULL, NULL, '2020-07-18 23:05:08'),
(195, NULL, NULL, '2020-07-19 01:06:58'),
(196, NULL, NULL, '2020-07-19 02:43:24'),
(197, NULL, NULL, '2020-07-19 03:27:32'),
(198, NULL, NULL, '2020-07-20 00:53:42'),
(199, NULL, NULL, '2020-07-20 01:36:31'),
(200, NULL, NULL, '2020-07-20 04:13:07'),
(201, NULL, NULL, '2020-07-20 11:35:19'),
(202, NULL, NULL, '2020-07-20 14:29:55'),
(203, NULL, NULL, '2020-07-20 17:02:03'),
(204, NULL, NULL, '2020-07-21 04:02:26'),
(205, NULL, NULL, '2020-07-21 04:28:01'),
(206, NULL, NULL, '2020-07-21 10:57:24'),
(207, NULL, NULL, '2020-07-21 13:03:59'),
(208, NULL, NULL, '2020-07-21 23:43:41'),
(209, NULL, NULL, '2020-07-21 23:52:36'),
(210, NULL, NULL, '2020-07-22 00:37:04'),
(211, NULL, NULL, '2020-07-22 08:36:38'),
(212, NULL, NULL, '2020-07-22 08:39:30'),
(213, NULL, NULL, '2020-07-22 12:33:25'),
(214, NULL, NULL, '2020-07-22 18:45:30'),
(215, NULL, NULL, '2020-07-22 20:14:29'),
(216, NULL, NULL, '2020-07-22 21:04:03'),
(217, NULL, NULL, '2020-07-23 01:23:12'),
(218, NULL, NULL, '2020-07-23 14:13:25'),
(219, NULL, NULL, '2020-07-23 14:24:07'),
(220, NULL, NULL, '2020-07-24 17:34:04'),
(221, NULL, NULL, '2020-07-24 18:05:14'),
(222, NULL, NULL, '2020-07-24 21:15:38'),
(223, NULL, NULL, '2020-07-24 21:49:29'),
(224, NULL, NULL, '2020-07-24 23:45:06'),
(225, NULL, NULL, '2020-07-25 02:28:03'),
(226, NULL, NULL, '2020-07-25 12:12:01'),
(227, NULL, NULL, '2020-07-25 17:10:13'),
(228, NULL, NULL, '2020-07-26 00:22:28'),
(229, NULL, NULL, '2020-07-26 05:02:00'),
(230, NULL, NULL, '2020-07-26 10:06:34'),
(231, NULL, NULL, '2020-07-26 13:48:35'),
(232, NULL, NULL, '2020-07-26 18:07:30'),
(233, NULL, NULL, '2020-07-27 02:38:05'),
(234, NULL, NULL, '2020-07-27 16:39:50'),
(235, NULL, NULL, '2020-07-27 18:10:37'),
(236, NULL, NULL, '2020-07-28 00:29:51'),
(237, NULL, NULL, '2020-07-28 02:16:51'),
(238, NULL, NULL, '2020-07-28 11:47:34'),
(239, NULL, NULL, '2020-07-28 17:10:39'),
(240, NULL, NULL, '2020-07-28 17:36:26'),
(241, NULL, NULL, '2020-07-29 00:32:02'),
(242, NULL, NULL, '2020-07-29 00:54:36'),
(243, NULL, NULL, '2020-07-29 03:21:48'),
(244, NULL, NULL, '2020-07-29 07:19:20'),
(245, NULL, NULL, '2020-07-29 18:29:34'),
(246, NULL, NULL, '2020-07-30 00:28:27'),
(247, NULL, NULL, '2020-07-30 02:20:16'),
(248, NULL, NULL, '2020-07-30 02:52:31'),
(249, NULL, NULL, '2020-07-30 03:04:48'),
(250, NULL, NULL, '2020-07-30 03:05:55'),
(251, NULL, NULL, '2020-07-30 10:36:42'),
(252, NULL, NULL, '2020-07-30 11:30:24'),
(253, NULL, NULL, '2020-07-30 13:32:56'),
(254, NULL, NULL, '2020-07-30 13:38:19'),
(255, NULL, NULL, '2020-07-30 14:05:31'),
(256, NULL, NULL, '2020-07-30 15:56:59'),
(257, NULL, NULL, '2020-07-30 16:02:50'),
(258, NULL, NULL, '2020-07-30 16:53:18'),
(259, NULL, NULL, '2020-07-30 18:07:22'),
(260, NULL, NULL, '2020-07-30 19:50:36'),
(261, NULL, NULL, '2020-07-30 20:27:41'),
(262, NULL, NULL, '2020-07-31 01:29:36'),
(263, NULL, NULL, '2020-07-31 04:05:18'),
(264, NULL, NULL, '2020-07-31 06:40:00'),
(265, NULL, NULL, '2020-07-31 06:46:43'),
(266, NULL, NULL, '2020-07-31 12:42:00'),
(267, NULL, NULL, '2020-07-31 13:00:28'),
(268, NULL, NULL, '2020-07-31 15:53:55'),
(269, NULL, NULL, '2020-07-31 16:07:37'),
(270, NULL, NULL, '2020-07-31 16:11:18'),
(271, NULL, NULL, '2020-07-31 16:24:03'),
(272, NULL, NULL, '2020-07-31 20:39:55'),
(273, NULL, NULL, '2020-07-31 22:26:54'),
(274, NULL, NULL, '2020-07-31 22:27:42'),
(275, NULL, NULL, '2020-08-01 00:48:36'),
(276, NULL, NULL, '2020-08-01 00:54:54'),
(277, NULL, NULL, '2020-08-01 01:25:55'),
(278, NULL, NULL, '2020-08-01 01:36:57'),
(279, NULL, NULL, '2020-08-01 05:00:12'),
(280, NULL, NULL, '2020-08-01 08:16:54'),
(281, NULL, NULL, '2020-08-01 11:37:33'),
(282, NULL, NULL, '2020-08-01 12:50:36'),
(283, NULL, NULL, '2020-08-01 13:28:46'),
(284, NULL, NULL, '2020-08-01 15:59:04'),
(285, NULL, NULL, '2020-08-01 19:47:27'),
(286, NULL, NULL, '2020-08-01 21:02:37'),
(287, NULL, NULL, '2020-08-01 22:51:16'),
(288, NULL, NULL, '2020-08-01 23:53:57'),
(289, NULL, NULL, '2020-08-02 00:17:09'),
(290, NULL, NULL, '2020-08-02 00:35:14'),
(291, NULL, NULL, '2020-08-02 00:36:14'),
(292, NULL, NULL, '2020-08-02 02:44:08'),
(293, NULL, NULL, '2020-08-02 04:07:19'),
(294, NULL, NULL, '2020-08-02 04:07:23'),
(295, NULL, NULL, '2020-08-02 09:04:25'),
(296, NULL, NULL, '2020-08-02 12:51:33'),
(297, NULL, NULL, '2020-08-02 16:22:55'),
(298, NULL, NULL, '2020-08-02 16:31:25'),
(299, NULL, NULL, '2020-08-02 16:45:51'),
(300, NULL, NULL, '2020-08-02 16:51:15'),
(301, NULL, NULL, '2020-08-02 19:57:10'),
(302, NULL, NULL, '2020-08-02 21:28:15'),
(303, NULL, NULL, '2020-08-02 23:40:07'),
(304, NULL, NULL, '2020-08-03 01:21:27'),
(305, NULL, NULL, '2020-08-03 02:16:09'),
(306, NULL, NULL, '2020-08-03 14:48:14'),
(307, NULL, NULL, '2020-08-03 15:25:13'),
(308, NULL, NULL, '2020-08-03 16:10:12'),
(309, NULL, NULL, '2020-08-03 18:13:04'),
(310, NULL, NULL, '2020-08-03 19:03:27'),
(311, NULL, NULL, '2020-08-03 20:22:07'),
(312, NULL, NULL, '2020-08-04 00:01:02'),
(313, NULL, NULL, '2020-08-04 00:18:52'),
(314, NULL, NULL, '2020-08-04 00:18:52'),
(315, NULL, NULL, '2020-08-04 00:22:51'),
(316, NULL, NULL, '2020-08-04 00:46:49'),
(317, NULL, NULL, '2020-08-04 01:35:00'),
(318, NULL, NULL, '2020-08-04 06:00:34'),
(319, NULL, NULL, '2020-08-04 10:39:45'),
(320, NULL, NULL, '2020-08-04 11:32:44'),
(321, NULL, NULL, '2020-08-04 15:37:37'),
(322, NULL, NULL, '2020-08-04 18:34:14'),
(323, NULL, NULL, '2020-08-04 20:17:22'),
(324, NULL, NULL, '2020-08-04 23:13:45'),
(325, NULL, NULL, '2020-08-05 00:31:30'),
(326, NULL, NULL, '2020-08-05 00:58:43'),
(327, NULL, NULL, '2020-08-05 02:45:14'),
(328, NULL, NULL, '2020-08-05 14:24:22'),
(329, NULL, NULL, '2020-08-05 16:04:14'),
(330, NULL, NULL, '2020-08-05 18:54:58'),
(331, NULL, NULL, '2020-08-05 20:06:15'),
(332, NULL, NULL, '2020-08-05 22:38:13'),
(333, NULL, NULL, '2020-08-05 23:57:31'),
(334, NULL, NULL, '2020-08-06 00:30:42'),
(335, NULL, NULL, '2020-08-06 02:37:23'),
(336, NULL, NULL, '2020-08-06 05:10:08'),
(337, NULL, NULL, '2020-08-06 05:26:06'),
(338, NULL, NULL, '2020-08-06 05:53:28'),
(339, NULL, NULL, '2020-08-06 15:30:24'),
(340, NULL, NULL, '2020-08-06 17:08:19'),
(341, NULL, NULL, '2020-08-06 22:32:22'),
(342, NULL, NULL, '2020-08-06 22:39:30'),
(343, NULL, NULL, '2020-08-06 22:55:10'),
(344, NULL, NULL, '2020-08-06 23:27:17'),
(345, NULL, NULL, '2020-08-07 03:31:52'),
(346, NULL, NULL, '2020-08-07 07:43:57'),
(347, NULL, NULL, '2020-08-07 12:20:07'),
(348, NULL, NULL, '2020-08-07 14:12:31'),
(349, NULL, NULL, '2020-08-07 15:48:18'),
(350, NULL, NULL, '2020-08-07 17:02:10'),
(351, NULL, NULL, '2020-08-07 17:17:36'),
(352, NULL, NULL, '2020-08-07 17:55:48'),
(353, NULL, NULL, '2020-08-07 20:36:47'),
(354, NULL, NULL, '2020-08-07 23:00:35'),
(355, NULL, NULL, '2020-08-08 00:22:39'),
(356, NULL, NULL, '2020-08-08 02:56:01'),
(357, NULL, NULL, '2020-08-08 03:33:36'),
(358, NULL, NULL, '2020-08-08 13:13:09'),
(359, NULL, NULL, '2020-08-08 19:27:08'),
(360, NULL, NULL, '2020-08-08 20:32:17'),
(361, NULL, NULL, '2020-08-08 23:11:16'),
(362, NULL, NULL, '2020-08-08 23:51:58'),
(363, NULL, NULL, '2020-08-09 01:18:22'),
(364, NULL, NULL, '2020-08-09 03:33:16'),
(365, NULL, NULL, '2020-08-09 08:06:53'),
(366, NULL, NULL, '2020-08-09 17:24:57'),
(367, NULL, NULL, '2020-08-09 22:12:04'),
(368, NULL, NULL, '2020-08-10 00:06:03'),
(369, NULL, NULL, '2020-08-10 00:22:43'),
(370, NULL, NULL, '2020-08-10 00:39:38'),
(371, NULL, NULL, '2020-08-10 01:17:59'),
(372, NULL, NULL, '2020-08-10 01:21:41'),
(373, NULL, NULL, '2020-08-10 03:40:36'),
(374, NULL, NULL, '2020-08-10 09:20:23'),
(375, NULL, NULL, '2020-08-10 12:51:00'),
(376, NULL, NULL, '2020-08-10 14:31:29'),
(377, NULL, NULL, '2020-08-10 15:04:56'),
(378, NULL, NULL, '2020-08-10 15:55:11'),
(379, NULL, NULL, '2020-08-10 20:08:47'),
(380, NULL, NULL, '2020-08-10 22:52:14'),
(381, NULL, NULL, '2020-08-11 01:12:44'),
(382, NULL, NULL, '2020-08-11 01:48:02'),
(383, NULL, NULL, '2020-08-11 02:55:31'),
(384, NULL, NULL, '2020-08-11 03:09:21'),
(385, NULL, NULL, '2020-08-11 03:16:11'),
(386, NULL, NULL, '2020-08-11 09:24:15'),
(387, NULL, NULL, '2020-08-11 12:06:02'),
(388, NULL, NULL, '2020-08-11 12:35:00'),
(389, NULL, NULL, '2020-08-12 00:52:31'),
(390, NULL, NULL, '2020-08-12 00:59:16'),
(391, NULL, NULL, '2020-08-12 02:41:56'),
(392, NULL, NULL, '2020-08-12 03:16:32'),
(393, NULL, NULL, '2020-08-12 03:22:56'),
(394, NULL, NULL, '2020-08-12 05:19:36'),
(395, NULL, NULL, '2020-08-12 05:21:59'),
(396, NULL, NULL, '2020-08-12 07:08:46'),
(397, NULL, NULL, '2020-08-12 08:00:26'),
(398, NULL, NULL, '2020-08-12 13:49:35'),
(399, NULL, NULL, '2020-08-12 20:50:59'),
(400, NULL, NULL, '2020-08-12 21:15:37'),
(401, NULL, NULL, '2020-08-13 06:11:02'),
(402, NULL, NULL, '2020-08-13 10:09:45'),
(403, NULL, NULL, '2020-08-13 11:36:35'),
(404, NULL, NULL, '2020-08-13 14:21:28'),
(405, NULL, NULL, '2020-08-13 17:25:42'),
(406, NULL, NULL, '2020-08-13 18:05:41'),
(407, NULL, NULL, '2020-08-13 18:09:00'),
(408, NULL, NULL, '2020-08-13 22:23:01'),
(409, NULL, NULL, '2020-08-14 03:35:25'),
(410, NULL, NULL, '2020-08-14 05:46:46'),
(411, NULL, NULL, '2020-08-14 11:03:25'),
(412, NULL, NULL, '2020-08-14 11:50:10'),
(413, NULL, NULL, '2020-08-14 12:35:27'),
(414, NULL, NULL, '2020-08-14 13:55:53'),
(415, NULL, NULL, '2020-08-14 16:10:33'),
(416, NULL, NULL, '2020-08-14 18:38:24'),
(417, NULL, NULL, '2020-08-14 20:15:45'),
(418, NULL, NULL, '2020-08-14 21:36:07'),
(419, NULL, NULL, '2020-08-14 22:45:06'),
(420, NULL, NULL, '2020-08-15 00:50:48'),
(421, NULL, NULL, '2020-08-15 02:12:17'),
(422, NULL, NULL, '2020-08-15 04:10:11'),
(423, NULL, NULL, '2020-08-15 04:57:38'),
(424, NULL, NULL, '2020-08-15 18:52:06'),
(425, NULL, NULL, '2020-08-15 21:22:31'),
(426, NULL, NULL, '2020-08-15 21:34:53'),
(427, NULL, NULL, '2020-08-16 00:28:06'),
(428, NULL, NULL, '2020-08-16 00:49:51'),
(429, NULL, NULL, '2020-08-16 02:46:14'),
(430, NULL, NULL, '2020-08-16 04:07:34'),
(431, NULL, NULL, '2020-08-16 05:13:04'),
(432, NULL, NULL, '2020-08-16 14:55:18'),
(433, NULL, NULL, '2020-08-16 16:20:43'),
(434, NULL, NULL, '2020-08-16 17:44:50'),
(435, NULL, NULL, '2020-08-16 19:18:28'),
(436, NULL, NULL, '2020-08-16 20:15:46'),
(437, NULL, NULL, '2020-08-16 21:46:17'),
(438, NULL, NULL, '2020-08-16 23:45:37'),
(439, NULL, NULL, '2020-08-17 00:32:28'),
(440, NULL, NULL, '2020-08-17 01:41:58'),
(441, NULL, NULL, '2020-08-17 03:08:00'),
(442, NULL, NULL, '2020-08-17 04:03:49'),
(443, NULL, NULL, '2020-08-17 04:49:07'),
(444, NULL, NULL, '2020-08-17 06:28:41'),
(445, NULL, NULL, '2020-08-17 16:33:45'),
(446, NULL, NULL, '2020-08-17 17:17:36'),
(447, NULL, NULL, '2020-08-18 00:32:24'),
(448, NULL, NULL, '2020-08-18 01:38:20'),
(449, NULL, NULL, '2020-08-18 02:28:06'),
(450, NULL, NULL, '2020-08-18 03:11:21'),
(451, NULL, NULL, '2020-08-18 12:30:39'),
(452, NULL, NULL, '2020-08-18 14:28:39'),
(453, NULL, NULL, '2020-08-18 16:36:58'),
(454, NULL, NULL, '2020-08-18 16:37:01'),
(455, NULL, NULL, '2020-08-18 18:27:29'),
(456, NULL, NULL, '2020-08-18 18:30:13'),
(457, NULL, NULL, '2020-08-18 19:41:13'),
(458, NULL, NULL, '2020-08-19 02:19:30'),
(459, NULL, NULL, '2020-08-19 02:51:26'),
(460, NULL, NULL, '2020-08-19 03:25:24'),
(461, NULL, NULL, '2020-08-19 12:15:28'),
(462, NULL, NULL, '2020-08-19 14:46:30'),
(463, NULL, NULL, '2020-08-19 15:58:01'),
(464, NULL, NULL, '2020-08-19 18:40:50'),
(465, NULL, NULL, '2020-08-19 22:59:35'),
(466, NULL, NULL, '2020-08-19 23:04:17'),
(467, NULL, NULL, '2020-08-19 23:11:19'),
(468, NULL, NULL, '2020-08-19 23:16:15'),
(469, NULL, NULL, '2020-08-20 00:23:47'),
(470, NULL, NULL, '2020-08-20 01:38:46'),
(471, NULL, NULL, '2020-08-20 02:24:10'),
(472, NULL, NULL, '2020-08-20 02:51:45'),
(473, NULL, NULL, '2020-08-20 14:03:48'),
(474, NULL, NULL, '2020-08-20 18:54:47'),
(475, NULL, NULL, '2020-08-20 19:51:47'),
(476, NULL, NULL, '2020-08-20 20:26:52'),
(477, NULL, NULL, '2020-08-20 21:49:09'),
(478, NULL, NULL, '2020-08-21 02:21:22'),
(479, NULL, NULL, '2020-08-21 02:21:26'),
(480, NULL, NULL, '2020-08-21 02:37:23'),
(481, NULL, NULL, '2020-08-21 13:30:50'),
(482, NULL, NULL, '2020-08-21 15:36:28'),
(483, NULL, NULL, '2020-08-21 15:59:01'),
(484, NULL, NULL, '2020-08-21 22:04:52'),
(485, NULL, NULL, '2020-08-21 22:34:07'),
(486, NULL, NULL, '2020-08-22 00:08:10'),
(487, NULL, NULL, '2020-08-22 00:30:39'),
(488, NULL, NULL, '2020-08-22 01:15:10'),
(489, NULL, NULL, '2020-08-22 01:55:27'),
(490, NULL, NULL, '2020-08-22 02:26:46'),
(491, NULL, NULL, '2020-08-22 02:59:33'),
(492, NULL, NULL, '2020-08-22 04:57:41'),
(493, NULL, NULL, '2020-08-22 09:03:52'),
(494, NULL, NULL, '2020-08-22 15:43:17'),
(495, NULL, NULL, '2020-08-22 18:09:13'),
(496, NULL, NULL, '2020-08-22 18:44:49'),
(497, NULL, NULL, '2020-08-22 22:38:48'),
(498, NULL, NULL, '2020-08-22 23:54:43'),
(499, NULL, NULL, '2020-08-23 00:51:54'),
(500, NULL, NULL, '2020-08-23 11:38:58'),
(501, NULL, NULL, '2020-08-23 12:28:48'),
(502, NULL, NULL, '2020-08-23 14:53:18'),
(503, NULL, NULL, '2020-08-23 15:51:08'),
(504, NULL, NULL, '2020-08-23 19:25:04'),
(505, NULL, NULL, '2020-08-23 20:10:26'),
(506, NULL, NULL, '2020-08-23 20:34:29'),
(507, NULL, NULL, '2020-08-23 23:18:33'),
(508, NULL, NULL, '2020-08-23 23:49:28'),
(509, NULL, NULL, '2020-08-24 01:53:55'),
(510, NULL, NULL, '2020-08-24 08:11:07'),
(511, NULL, NULL, '2020-08-24 08:51:24'),
(512, NULL, NULL, '2020-08-24 14:47:45'),
(513, NULL, NULL, '2020-08-24 14:57:01'),
(514, NULL, NULL, '2020-08-24 15:07:32'),
(515, NULL, NULL, '2020-08-24 19:59:05'),
(516, NULL, NULL, '2020-08-24 22:12:56'),
(517, NULL, NULL, '2020-08-24 22:18:51'),
(518, NULL, NULL, '2020-08-24 22:46:59'),
(519, NULL, NULL, '2020-08-24 22:52:00'),
(520, NULL, NULL, '2020-08-24 23:21:37'),
(521, NULL, NULL, '2020-08-25 02:17:24'),
(522, NULL, NULL, '2020-08-25 04:00:34'),
(523, NULL, NULL, '2020-08-25 04:01:53'),
(524, NULL, NULL, '2020-08-25 04:43:23'),
(525, NULL, NULL, '2020-08-25 11:41:50'),
(526, NULL, NULL, '2020-08-25 12:32:04'),
(527, NULL, NULL, '2020-08-25 13:04:14'),
(528, NULL, NULL, '2020-08-25 15:43:46'),
(529, NULL, NULL, '2020-08-25 15:47:08'),
(530, NULL, NULL, '2020-08-25 17:28:04'),
(531, NULL, NULL, '2020-08-25 20:57:02'),
(532, NULL, NULL, '2020-08-25 22:05:12'),
(533, NULL, NULL, '2020-08-25 22:26:04'),
(534, NULL, NULL, '2020-08-25 22:37:55'),
(535, NULL, NULL, '2020-08-25 23:49:31'),
(536, NULL, NULL, '2020-08-25 23:51:54'),
(537, NULL, NULL, '2020-08-26 01:07:43'),
(538, NULL, NULL, '2020-08-26 01:26:49'),
(539, NULL, NULL, '2020-08-26 04:56:30'),
(540, NULL, NULL, '2020-08-26 06:07:25'),
(541, NULL, NULL, '2020-08-26 11:51:06'),
(542, NULL, NULL, '2020-08-26 12:58:27'),
(543, NULL, NULL, '2020-08-26 16:44:48'),
(544, NULL, NULL, '2020-08-26 22:26:06'),
(545, NULL, NULL, '2020-08-26 23:55:45'),
(546, NULL, NULL, '2020-08-27 00:37:18'),
(547, NULL, NULL, '2020-08-27 02:07:45'),
(548, NULL, NULL, '2020-08-27 02:22:27'),
(549, NULL, NULL, '2020-08-27 04:36:04'),
(550, NULL, NULL, '2020-08-27 05:35:46'),
(551, NULL, NULL, '2020-08-27 12:43:05'),
(552, NULL, NULL, '2020-08-27 17:59:29'),
(553, NULL, NULL, '2020-08-27 19:55:41'),
(554, NULL, NULL, '2020-08-27 20:14:11'),
(555, NULL, NULL, '2020-08-27 20:14:11'),
(556, NULL, NULL, '2020-08-27 21:00:25'),
(557, NULL, NULL, '2020-08-27 21:35:20'),
(558, NULL, NULL, '2020-08-27 23:45:47'),
(559, NULL, NULL, '2020-08-28 00:50:41'),
(560, NULL, NULL, '2020-08-28 02:00:49'),
(561, NULL, NULL, '2020-08-28 05:40:07'),
(562, NULL, NULL, '2020-08-28 06:23:40'),
(563, NULL, NULL, '2020-08-28 20:39:54'),
(564, NULL, NULL, '2020-08-28 22:38:43'),
(565, NULL, NULL, '2020-08-28 22:54:47'),
(566, NULL, NULL, '2020-08-29 03:01:33'),
(567, NULL, NULL, '2020-08-29 05:21:44'),
(568, NULL, NULL, '2020-08-29 11:14:59'),
(569, NULL, NULL, '2020-08-29 11:15:05'),
(570, NULL, NULL, '2020-08-29 11:58:58'),
(571, NULL, NULL, '2020-08-29 14:55:40'),
(572, NULL, NULL, '2020-08-29 22:18:29'),
(573, NULL, NULL, '2020-08-29 23:20:19'),
(574, NULL, NULL, '2020-08-30 00:36:19'),
(575, NULL, NULL, '2020-08-30 17:15:32'),
(576, NULL, NULL, '2020-08-30 18:54:13'),
(577, NULL, NULL, '2020-08-30 20:48:23'),
(578, NULL, NULL, '2020-08-30 20:58:49'),
(579, NULL, NULL, '2020-08-30 21:35:37'),
(580, NULL, NULL, '2020-08-30 23:00:58'),
(581, NULL, NULL, '2020-08-31 03:20:37'),
(582, NULL, NULL, '2020-08-31 03:54:02'),
(583, NULL, NULL, '2020-08-31 15:16:19'),
(584, NULL, NULL, '2020-08-31 19:30:31'),
(585, NULL, NULL, '2020-08-31 20:04:22'),
(586, NULL, NULL, '2020-08-31 20:21:37'),
(587, NULL, NULL, '2020-08-31 22:49:58'),
(588, NULL, NULL, '2020-08-31 23:22:58'),
(589, NULL, NULL, '2020-09-01 00:11:53'),
(590, NULL, NULL, '2020-09-01 01:26:47'),
(591, NULL, NULL, '2020-09-01 02:03:13'),
(592, NULL, NULL, '2020-09-01 02:37:57'),
(593, NULL, NULL, '2020-09-01 03:49:26'),
(594, NULL, NULL, '2020-09-01 07:03:27'),
(595, NULL, NULL, '2020-09-01 11:57:03'),
(596, NULL, NULL, '2020-09-01 14:16:19'),
(597, NULL, NULL, '2020-09-01 15:25:23'),
(598, NULL, NULL, '2020-09-01 17:20:18'),
(599, NULL, NULL, '2020-09-01 20:42:31'),
(600, NULL, NULL, '2020-09-01 21:08:12'),
(601, NULL, NULL, '2020-09-01 22:29:33'),
(602, NULL, NULL, '2020-09-01 22:54:04'),
(603, NULL, NULL, '2020-09-02 00:39:36'),
(604, NULL, NULL, '2020-09-02 11:19:59'),
(605, NULL, NULL, '2020-09-02 13:01:46'),
(606, NULL, NULL, '2020-09-02 15:51:20'),
(607, NULL, NULL, '2020-09-02 20:20:45'),
(608, NULL, NULL, '2020-09-02 20:49:54'),
(609, NULL, NULL, '2020-09-02 21:10:43'),
(610, NULL, NULL, '2020-09-02 21:50:21'),
(611, NULL, NULL, '2020-09-02 23:42:37'),
(612, NULL, NULL, '2020-09-03 00:45:24'),
(613, NULL, NULL, '2020-09-03 03:19:14'),
(614, NULL, NULL, '2020-09-03 03:27:15'),
(615, NULL, NULL, '2020-09-03 03:48:11'),
(616, NULL, NULL, '2020-09-03 04:34:59'),
(617, NULL, NULL, '2020-09-03 14:25:56'),
(618, NULL, NULL, '2020-09-03 16:12:27'),
(619, NULL, NULL, '2020-09-03 19:35:34'),
(620, NULL, NULL, '2020-09-04 00:10:26'),
(621, NULL, NULL, '2020-09-04 01:11:51'),
(622, NULL, NULL, '2020-09-04 03:24:03'),
(623, NULL, NULL, '2020-09-04 05:51:21'),
(624, NULL, NULL, '2020-09-04 09:17:18'),
(625, NULL, NULL, '2020-09-05 00:18:40'),
(626, NULL, NULL, '2020-09-05 01:07:01'),
(627, NULL, NULL, '2020-09-05 05:57:37'),
(628, NULL, NULL, '2020-09-05 08:06:11'),
(629, NULL, NULL, '2020-09-05 18:17:50'),
(630, NULL, NULL, '2020-09-05 20:33:17'),
(631, NULL, NULL, '2020-09-05 21:36:14'),
(632, NULL, NULL, '2020-09-06 04:57:18'),
(633, NULL, NULL, '2020-09-06 06:36:58'),
(634, NULL, NULL, '2020-09-06 14:01:03'),
(635, NULL, NULL, '2020-09-06 14:49:11'),
(636, NULL, NULL, '2020-09-06 17:29:54'),
(637, NULL, NULL, '2020-09-06 18:12:38'),
(638, NULL, NULL, '2020-09-06 18:31:46'),
(639, NULL, NULL, '2020-09-06 18:52:16'),
(640, NULL, NULL, '2020-09-06 19:26:51'),
(641, NULL, NULL, '2020-09-06 22:56:33'),
(642, NULL, NULL, '2020-09-07 00:07:31'),
(643, NULL, NULL, '2020-09-07 02:21:40'),
(644, NULL, NULL, '2020-09-07 02:40:39'),
(645, NULL, NULL, '2020-09-07 05:12:45'),
(646, NULL, NULL, '2020-09-07 10:49:03'),
(647, NULL, NULL, '2020-09-07 14:10:16'),
(648, NULL, NULL, '2020-09-07 20:45:15'),
(649, NULL, NULL, '2020-09-07 20:48:45'),
(650, NULL, NULL, '2020-09-07 22:40:03'),
(651, NULL, NULL, '2020-09-07 23:27:53'),
(652, NULL, NULL, '2020-09-07 23:31:00'),
(653, NULL, NULL, '2020-09-07 23:56:40'),
(654, NULL, NULL, '2020-09-08 01:00:29'),
(655, NULL, NULL, '2020-09-08 10:43:20'),
(656, NULL, NULL, '2020-09-08 12:42:10'),
(657, NULL, NULL, '2020-09-08 15:04:33'),
(658, NULL, NULL, '2020-09-08 18:24:40'),
(659, NULL, NULL, '2020-09-08 20:12:38'),
(660, NULL, NULL, '2020-09-08 22:12:51'),
(661, NULL, NULL, '2020-09-08 22:13:29'),
(662, NULL, NULL, '2020-09-09 00:08:41'),
(663, NULL, NULL, '2020-09-09 00:27:34'),
(664, NULL, NULL, '2020-09-09 00:35:11'),
(665, NULL, NULL, '2020-09-09 00:56:51'),
(666, NULL, NULL, '2020-09-09 03:11:00'),
(667, NULL, NULL, '2020-09-09 05:31:08'),
(668, NULL, NULL, '2020-09-09 09:46:48'),
(669, NULL, NULL, '2020-09-09 12:41:10'),
(670, NULL, NULL, '2020-09-09 14:26:45'),
(671, NULL, NULL, '2020-09-09 14:36:51'),
(672, NULL, NULL, '2020-09-09 15:58:42'),
(673, NULL, NULL, '2020-09-09 20:10:13'),
(674, NULL, NULL, '2020-09-09 22:26:52'),
(675, NULL, NULL, '2020-09-09 23:25:31'),
(676, NULL, NULL, '2020-09-10 00:30:25'),
(677, NULL, NULL, '2020-09-10 08:25:41'),
(678, NULL, NULL, '2020-09-10 13:49:53'),
(679, NULL, NULL, '2020-09-10 18:20:47'),
(680, NULL, NULL, '2020-09-10 19:56:03'),
(681, NULL, NULL, '2020-09-10 21:54:54'),
(682, NULL, NULL, '2020-09-10 22:03:56'),
(683, NULL, NULL, '2020-09-11 01:33:55'),
(684, NULL, NULL, '2020-09-11 01:34:02'),
(685, NULL, NULL, '2020-09-11 02:21:32'),
(686, NULL, NULL, '2020-09-11 10:44:54'),
(687, NULL, NULL, '2020-09-11 14:19:45'),
(688, NULL, NULL, '2020-09-11 14:37:32'),
(689, NULL, NULL, '2020-09-11 14:37:56'),
(690, NULL, NULL, '2020-09-11 15:58:15'),
(691, NULL, NULL, '2020-09-11 17:35:28'),
(692, NULL, NULL, '2020-09-11 21:04:00'),
(693, NULL, NULL, '2020-09-11 23:37:10'),
(694, NULL, NULL, '2020-09-12 00:57:58'),
(695, NULL, NULL, '2020-09-12 02:55:29'),
(696, NULL, NULL, '2020-09-12 04:42:35'),
(697, NULL, NULL, '2020-09-12 05:00:52'),
(698, NULL, NULL, '2020-09-12 05:42:26'),
(699, NULL, NULL, '2020-09-12 10:47:46'),
(700, NULL, NULL, '2020-09-12 12:04:53'),
(701, NULL, NULL, '2020-09-12 17:07:36'),
(702, NULL, NULL, '2020-09-12 19:02:27'),
(703, NULL, NULL, '2020-09-12 19:49:10'),
(704, NULL, NULL, '2020-09-12 20:12:12'),
(705, NULL, NULL, '2020-09-12 20:29:21'),
(706, NULL, NULL, '2020-09-12 22:22:36'),
(707, NULL, NULL, '2020-09-12 23:37:26'),
(708, NULL, NULL, '2020-09-13 00:17:00'),
(709, NULL, NULL, '2020-09-13 02:24:35'),
(710, NULL, NULL, '2020-09-13 02:42:29'),
(711, NULL, NULL, '2020-09-13 14:10:39'),
(712, NULL, NULL, '2020-09-13 16:41:21'),
(713, NULL, NULL, '2020-09-13 19:26:02'),
(714, NULL, NULL, '2020-09-13 20:22:15'),
(715, NULL, NULL, '2020-09-13 21:55:35'),
(716, NULL, NULL, '2020-09-13 22:27:09'),
(717, NULL, NULL, '2020-09-13 23:49:37'),
(718, NULL, NULL, '2020-09-14 01:15:26'),
(719, NULL, NULL, '2020-09-14 04:30:33'),
(720, NULL, NULL, '2020-09-14 04:32:53'),
(721, NULL, NULL, '2020-09-14 12:20:09'),
(722, NULL, NULL, '2020-09-14 13:18:03'),
(723, NULL, NULL, '2020-09-14 17:11:20'),
(724, NULL, NULL, '2020-09-14 18:32:20'),
(725, NULL, NULL, '2020-09-14 20:17:17'),
(726, NULL, NULL, '2020-09-15 05:10:28'),
(727, NULL, NULL, '2020-09-15 07:07:37'),
(728, NULL, NULL, '2020-09-15 08:08:58'),
(729, NULL, NULL, '2020-09-15 11:56:13'),
(730, NULL, NULL, '2020-09-15 15:04:49'),
(731, NULL, NULL, '2020-09-15 16:15:29'),
(732, NULL, NULL, '2020-09-15 17:14:43'),
(733, NULL, NULL, '2020-09-15 20:06:10'),
(734, NULL, NULL, '2020-09-15 20:25:40'),
(735, NULL, NULL, '2020-09-16 00:10:07'),
(736, NULL, NULL, '2020-09-16 02:19:18'),
(737, NULL, NULL, '2020-09-16 02:35:18'),
(738, NULL, NULL, '2020-09-16 02:51:57'),
(739, NULL, NULL, '2020-09-16 03:19:02'),
(740, NULL, NULL, '2020-09-16 03:48:25'),
(741, NULL, NULL, '2020-09-16 03:50:13'),
(742, NULL, NULL, '2020-09-16 04:50:56'),
(743, NULL, NULL, '2020-09-16 15:17:33'),
(744, NULL, NULL, '2020-09-16 19:38:20'),
(745, NULL, NULL, '2020-09-16 20:49:00'),
(746, NULL, NULL, '2020-09-16 21:15:33'),
(747, NULL, NULL, '2020-09-16 21:16:01'),
(748, NULL, NULL, '2020-09-16 21:34:52'),
(749, NULL, NULL, '2020-09-17 03:58:55'),
(750, NULL, NULL, '2020-09-17 07:45:58'),
(751, NULL, NULL, '2020-09-17 11:43:14'),
(752, NULL, NULL, '2020-09-17 13:33:03'),
(753, NULL, NULL, '2020-09-17 16:08:38'),
(754, NULL, NULL, '2020-09-17 16:32:53'),
(755, NULL, NULL, '2020-09-17 16:39:18'),
(756, NULL, NULL, '2020-09-17 18:30:32'),
(757, NULL, NULL, '2020-09-17 18:51:57'),
(758, NULL, NULL, '2020-09-18 00:01:59'),
(759, NULL, NULL, '2020-09-18 05:59:02'),
(760, NULL, NULL, '2020-09-18 07:09:22'),
(761, NULL, NULL, '2020-09-18 16:47:57'),
(762, NULL, NULL, '2020-09-18 18:00:28'),
(763, NULL, NULL, '2020-09-18 18:09:49'),
(764, NULL, NULL, '2020-09-18 18:32:39'),
(765, NULL, NULL, '2020-09-18 20:28:16'),
(766, NULL, NULL, '2020-09-18 20:35:29'),
(767, NULL, NULL, '2020-09-18 20:58:32'),
(768, NULL, NULL, '2020-09-19 00:08:49'),
(769, NULL, NULL, '2020-09-19 00:20:51'),
(770, NULL, NULL, '2020-09-19 00:34:36'),
(771, NULL, NULL, '2020-09-19 03:37:41'),
(772, NULL, NULL, '2020-09-19 09:17:14'),
(773, NULL, NULL, '2020-09-19 09:45:31'),
(774, NULL, NULL, '2020-09-19 17:45:54'),
(775, NULL, NULL, '2020-09-19 17:45:54'),
(776, NULL, NULL, '2020-09-19 19:13:26'),
(777, NULL, NULL, '2020-09-19 20:01:33'),
(778, NULL, NULL, '2020-09-19 20:57:49'),
(779, NULL, NULL, '2020-09-19 22:03:30'),
(780, NULL, NULL, '2020-09-19 22:41:55'),
(781, NULL, NULL, '2020-09-19 23:27:45'),
(782, NULL, NULL, '2020-09-20 01:59:10'),
(783, NULL, NULL, '2020-09-20 02:01:08'),
(784, NULL, NULL, '2020-09-20 02:15:03'),
(785, NULL, NULL, '2020-09-20 04:32:36'),
(786, NULL, NULL, '2020-09-20 15:59:18'),
(787, NULL, NULL, '2020-09-20 19:57:32'),
(788, NULL, NULL, '2020-09-20 22:54:22'),
(789, NULL, NULL, '2020-09-20 23:44:48'),
(790, NULL, NULL, '2020-09-21 03:01:06'),
(791, NULL, NULL, '2020-09-21 15:49:03'),
(792, NULL, NULL, '2020-09-21 18:15:46'),
(793, NULL, NULL, '2020-09-21 19:40:21'),
(794, NULL, NULL, '2020-09-21 20:00:41'),
(795, NULL, NULL, '2020-09-22 02:19:18'),
(796, NULL, NULL, '2020-09-22 07:17:11'),
(797, NULL, NULL, '2020-09-22 10:56:07'),
(798, NULL, NULL, '2020-09-22 16:57:22'),
(799, NULL, NULL, '2020-09-22 20:22:47'),
(800, NULL, NULL, '2020-09-22 21:35:26'),
(801, NULL, NULL, '2020-09-22 22:58:51'),
(802, NULL, NULL, '2020-09-23 15:24:31'),
(803, NULL, NULL, '2020-09-24 01:15:18'),
(804, NULL, NULL, '2020-09-24 01:57:58'),
(805, NULL, NULL, '2020-09-24 03:27:17'),
(806, NULL, NULL, '2020-09-24 08:44:58'),
(807, NULL, NULL, '2020-09-24 12:49:38'),
(808, NULL, NULL, '2020-09-24 13:50:07'),
(809, NULL, NULL, '2020-09-24 16:00:39'),
(810, NULL, NULL, '2020-09-24 16:26:20'),
(811, NULL, NULL, '2020-09-24 16:26:22'),
(812, NULL, NULL, '2020-09-24 17:07:13'),
(813, NULL, NULL, '2020-09-24 18:35:16'),
(814, NULL, NULL, '2020-09-24 20:00:25'),
(815, NULL, NULL, '2020-09-24 20:46:57'),
(816, NULL, NULL, '2020-09-25 04:16:44'),
(817, NULL, NULL, '2020-09-25 11:07:18'),
(818, NULL, NULL, '2020-09-25 15:43:37'),
(819, NULL, NULL, '2020-09-25 16:09:38'),
(820, NULL, NULL, '2020-09-25 16:18:02'),
(821, NULL, NULL, '2020-09-25 18:04:04'),
(822, NULL, NULL, '2020-09-25 18:36:21'),
(823, NULL, NULL, '2020-09-25 20:26:44'),
(824, NULL, NULL, '2020-09-25 22:09:34'),
(825, NULL, NULL, '2020-09-25 23:53:49'),
(826, NULL, NULL, '2020-09-26 01:58:39'),
(827, NULL, NULL, '2020-09-26 03:32:31'),
(828, NULL, NULL, '2020-09-26 04:18:42'),
(829, NULL, NULL, '2020-09-26 05:24:31'),
(830, NULL, NULL, '2020-09-26 13:25:32'),
(831, NULL, NULL, '2020-09-26 14:03:34'),
(832, NULL, NULL, '2020-09-26 14:04:46'),
(833, NULL, NULL, '2020-09-26 17:42:05'),
(834, NULL, NULL, '2020-09-26 20:09:10'),
(835, NULL, NULL, '2020-09-27 00:40:00'),
(836, NULL, NULL, '2020-09-27 00:55:46'),
(837, NULL, NULL, '2020-09-27 01:30:36'),
(838, NULL, NULL, '2020-09-27 03:10:05'),
(839, NULL, NULL, '2020-09-27 06:37:06'),
(840, NULL, NULL, '2020-09-27 11:28:19'),
(841, NULL, NULL, '2020-09-27 15:57:28'),
(842, NULL, NULL, '2020-09-27 16:02:59'),
(843, NULL, NULL, '2020-09-27 16:33:41'),
(844, NULL, NULL, '2020-09-27 19:56:59'),
(845, NULL, NULL, '2020-09-27 20:26:08'),
(846, NULL, NULL, '2020-09-27 23:10:05'),
(847, NULL, NULL, '2020-09-28 04:45:45'),
(848, NULL, NULL, '2020-09-28 18:42:20'),
(849, NULL, NULL, '2020-09-28 18:44:06'),
(850, NULL, NULL, '2020-09-28 19:16:07'),
(851, NULL, NULL, '2020-09-29 00:43:01'),
(852, NULL, NULL, '2020-09-29 02:13:37'),
(853, NULL, NULL, '2020-09-29 03:15:31'),
(854, NULL, NULL, '2020-09-29 03:26:33'),
(855, NULL, NULL, '2020-09-29 11:46:40'),
(856, NULL, NULL, '2020-09-29 17:00:34'),
(857, NULL, NULL, '2020-09-29 17:27:22'),
(858, NULL, NULL, '2020-09-29 20:57:12'),
(859, NULL, NULL, '2020-09-29 22:39:10'),
(860, NULL, NULL, '2020-09-29 23:16:13'),
(861, NULL, NULL, '2020-09-30 02:07:54'),
(862, NULL, NULL, '2020-09-30 06:44:16'),
(863, NULL, NULL, '2020-09-30 06:50:37'),
(864, NULL, NULL, '2020-09-30 06:51:12'),
(865, NULL, NULL, '2020-09-30 12:17:42'),
(866, NULL, NULL, '2020-09-30 14:27:15'),
(867, NULL, NULL, '2020-09-30 20:10:59'),
(868, NULL, NULL, '2020-09-30 20:11:03'),
(869, NULL, NULL, '2020-09-30 23:05:37'),
(870, NULL, NULL, '2020-10-01 03:24:21'),
(871, NULL, NULL, '2020-10-01 04:44:24'),
(872, NULL, NULL, '2020-10-01 09:30:37'),
(873, NULL, NULL, '2020-10-01 10:17:09'),
(874, NULL, NULL, '2020-10-01 13:32:09'),
(875, NULL, NULL, '2020-10-01 14:10:49'),
(876, NULL, NULL, '2020-10-01 15:23:40'),
(877, NULL, NULL, '2020-10-01 17:18:54'),
(878, NULL, NULL, '2020-10-01 18:44:04'),
(879, NULL, NULL, '2020-10-02 03:35:03'),
(880, NULL, NULL, '2020-10-02 05:23:23'),
(881, NULL, NULL, '2020-10-02 10:56:05'),
(882, NULL, NULL, '2020-10-02 13:55:41'),
(883, NULL, NULL, '2020-10-02 17:30:11'),
(884, NULL, NULL, '2020-10-02 17:33:16'),
(885, NULL, NULL, '2020-10-02 21:29:45'),
(886, NULL, NULL, '2020-10-02 21:41:07'),
(887, NULL, NULL, '2020-10-02 21:44:30'),
(888, NULL, NULL, '2020-10-03 04:11:59'),
(889, NULL, NULL, '2020-10-03 04:12:00'),
(890, NULL, NULL, '2020-10-03 13:50:47'),
(891, NULL, NULL, '2020-10-03 16:10:08'),
(892, NULL, NULL, '2020-10-03 16:22:29'),
(893, NULL, NULL, '2020-10-03 16:25:14'),
(894, NULL, NULL, '2020-10-03 17:35:21'),
(895, NULL, NULL, '2020-10-03 19:57:09'),
(896, NULL, NULL, '2020-10-03 22:03:22'),
(897, NULL, NULL, '2020-10-04 02:41:46'),
(898, NULL, NULL, '2020-10-04 02:55:44'),
(899, NULL, NULL, '2020-10-04 03:22:15'),
(900, NULL, NULL, '2020-10-04 10:54:22'),
(901, NULL, NULL, '2020-10-04 14:54:42'),
(902, NULL, NULL, '2020-10-04 19:04:52'),
(903, NULL, NULL, '2020-10-05 01:49:07'),
(904, NULL, NULL, '2020-10-05 02:26:26'),
(905, NULL, NULL, '2020-10-05 03:12:02'),
(906, NULL, NULL, '2020-10-05 13:37:01'),
(907, NULL, NULL, '2020-10-05 15:08:33'),
(908, NULL, NULL, '2020-10-05 16:53:27'),
(909, NULL, NULL, '2020-10-05 16:57:03'),
(910, NULL, NULL, '2020-10-05 19:06:40'),
(911, NULL, NULL, '2020-10-05 21:59:06'),
(912, NULL, NULL, '2020-10-06 01:12:18'),
(913, NULL, NULL, '2020-10-06 01:35:39'),
(914, NULL, NULL, '2020-10-06 19:35:32'),
(915, NULL, NULL, '2020-10-06 21:49:11'),
(916, NULL, NULL, '2020-10-07 00:36:13'),
(917, NULL, NULL, '2020-10-07 01:31:24'),
(918, NULL, NULL, '2020-10-07 01:53:09'),
(919, NULL, NULL, '2020-10-07 02:05:35'),
(920, NULL, NULL, '2020-10-07 02:24:05'),
(921, NULL, NULL, '2020-10-07 03:20:08'),
(922, NULL, NULL, '2020-10-07 03:52:15'),
(923, NULL, NULL, '2020-10-07 04:16:52'),
(924, NULL, NULL, '2020-10-07 04:50:15'),
(925, NULL, NULL, '2020-10-07 05:04:52'),
(926, NULL, NULL, '2020-10-07 07:36:18'),
(927, NULL, NULL, '2020-10-07 07:36:18'),
(928, NULL, NULL, '2020-10-07 07:38:08'),
(929, NULL, NULL, '2020-10-07 07:38:18'),
(930, NULL, NULL, '2020-10-07 15:25:45'),
(931, NULL, NULL, '2020-10-07 18:29:55'),
(932, NULL, NULL, '2020-10-07 21:11:56'),
(933, NULL, NULL, '2020-10-07 22:27:53'),
(934, NULL, NULL, '2020-10-08 00:17:20'),
(935, NULL, NULL, '2020-10-08 00:38:10'),
(936, NULL, NULL, '2020-10-08 01:00:55'),
(937, NULL, NULL, '2020-10-08 01:04:41'),
(938, NULL, NULL, '2020-10-08 03:55:58'),
(939, NULL, NULL, '2020-10-08 04:17:16'),
(940, NULL, NULL, '2020-10-08 06:05:46'),
(941, NULL, NULL, '2020-10-08 10:08:09'),
(942, NULL, NULL, '2020-10-08 12:23:11'),
(943, NULL, NULL, '2020-10-08 13:45:20'),
(944, NULL, NULL, '2020-10-08 16:58:31'),
(945, NULL, NULL, '2020-10-08 20:04:11'),
(946, NULL, NULL, '2020-10-08 21:47:57'),
(947, NULL, NULL, '2020-10-09 02:05:48'),
(948, NULL, NULL, '2020-10-09 02:53:47'),
(949, NULL, NULL, '2020-10-09 04:47:53'),
(950, NULL, NULL, '2020-10-09 05:18:35'),
(951, NULL, NULL, '2020-10-09 15:24:36'),
(952, NULL, NULL, '2020-10-09 15:30:03'),
(953, NULL, NULL, '2020-10-09 17:50:11'),
(954, NULL, NULL, '2020-10-09 18:28:55'),
(955, NULL, NULL, '2020-10-09 23:49:24'),
(956, NULL, NULL, '2020-10-10 00:12:44'),
(957, NULL, NULL, '2020-10-10 00:15:09'),
(958, NULL, NULL, '2020-10-10 03:02:06'),
(959, NULL, NULL, '2020-10-10 08:03:53'),
(960, NULL, NULL, '2020-10-10 10:24:56'),
(961, NULL, NULL, '2020-10-10 14:23:28'),
(962, NULL, NULL, '2020-10-10 14:52:42'),
(963, NULL, NULL, '2020-10-10 16:00:36'),
(964, NULL, NULL, '2020-10-10 17:28:44'),
(965, NULL, NULL, '2020-10-10 22:49:28'),
(966, NULL, NULL, '2020-10-11 01:13:06'),
(967, NULL, NULL, '2020-10-11 02:54:05'),
(968, NULL, NULL, '2020-10-11 04:13:03'),
(969, NULL, NULL, '2020-10-11 11:35:12'),
(970, NULL, NULL, '2020-10-11 20:27:51'),
(971, NULL, NULL, '2020-10-11 23:05:13'),
(972, NULL, NULL, '2020-10-11 23:25:13'),
(973, NULL, NULL, '2020-10-11 23:57:18'),
(974, NULL, NULL, '2020-10-12 01:35:54'),
(975, NULL, NULL, '2020-10-12 13:35:31'),
(976, NULL, NULL, '2020-10-12 18:36:04'),
(977, NULL, NULL, '2020-10-12 18:57:21'),
(978, NULL, NULL, '2020-10-12 19:14:51'),
(979, NULL, NULL, '2020-10-12 19:25:04'),
(980, NULL, NULL, '2020-10-12 19:45:17'),
(981, NULL, NULL, '2020-10-12 21:43:24'),
(982, NULL, NULL, '2020-10-12 22:58:51'),
(983, NULL, NULL, '2020-10-13 00:35:43'),
(984, NULL, NULL, '2020-10-13 09:33:00'),
(985, NULL, NULL, '2020-10-13 13:30:23'),
(986, NULL, NULL, '2020-10-13 15:46:46'),
(987, NULL, NULL, '2020-10-13 17:51:54'),
(988, NULL, NULL, '2020-10-13 18:07:54'),
(989, NULL, NULL, '2020-10-13 21:06:13'),
(990, NULL, NULL, '2020-10-13 22:44:10'),
(991, NULL, NULL, '2020-10-14 00:52:04'),
(992, NULL, NULL, '2020-10-14 02:34:48'),
(993, NULL, NULL, '2020-10-14 02:50:57'),
(994, NULL, NULL, '2020-10-14 07:49:12'),
(995, NULL, NULL, '2020-10-14 10:22:00'),
(996, NULL, NULL, '2020-10-14 13:21:08'),
(997, NULL, NULL, '2020-10-14 14:43:02'),
(998, NULL, NULL, '2020-10-14 18:46:33'),
(999, NULL, NULL, '2020-10-14 19:08:56'),
(1000, NULL, NULL, '2020-10-14 22:53:46'),
(1001, NULL, NULL, '2020-10-14 23:29:07'),
(1002, NULL, NULL, '2020-10-15 00:13:25'),
(1003, NULL, NULL, '2020-10-15 01:27:44'),
(1004, NULL, NULL, '2020-10-15 02:51:00'),
(1005, NULL, NULL, '2020-10-15 07:05:37'),
(1006, NULL, NULL, '2020-10-15 13:37:25'),
(1007, NULL, NULL, '2020-10-15 13:47:55'),
(1008, NULL, NULL, '2020-10-15 15:48:24'),
(1009, NULL, NULL, '2020-10-15 16:39:43'),
(1010, NULL, NULL, '2020-10-15 18:44:06'),
(1011, NULL, NULL, '2020-10-15 18:55:38'),
(1012, NULL, NULL, '2020-10-15 22:35:57'),
(1013, NULL, NULL, '2020-10-16 00:11:36'),
(1014, NULL, NULL, '2020-10-16 00:33:35'),
(1015, NULL, NULL, '2020-10-16 08:51:41'),
(1016, NULL, NULL, '2020-10-16 13:43:14'),
(1017, NULL, NULL, '2020-10-16 18:01:34'),
(1018, NULL, NULL, '2020-10-16 19:54:18'),
(1019, NULL, NULL, '2020-10-16 22:47:45'),
(1020, NULL, NULL, '2020-10-16 22:49:32'),
(1021, NULL, NULL, '2020-10-17 00:52:45'),
(1022, NULL, NULL, '2020-10-17 00:53:09'),
(1023, NULL, NULL, '2020-10-17 02:19:41'),
(1024, NULL, NULL, '2020-10-17 03:24:51'),
(1025, NULL, NULL, '2020-10-17 03:25:21'),
(1026, NULL, NULL, '2020-10-17 03:25:24'),
(1027, NULL, NULL, '2020-10-17 03:29:06'),
(1028, NULL, NULL, '2020-10-17 07:02:55'),
(1029, NULL, NULL, '2020-10-17 08:04:06'),
(1030, NULL, NULL, '2020-10-17 12:08:16'),
(1031, NULL, NULL, '2020-10-17 16:34:00'),
(1032, NULL, NULL, '2020-10-17 18:36:03'),
(1033, NULL, NULL, '2020-10-18 08:18:29'),
(1034, NULL, NULL, '2020-10-18 11:37:59'),
(1035, NULL, NULL, '2020-10-18 22:12:27'),
(1036, NULL, NULL, '2020-10-18 23:58:50'),
(1037, NULL, NULL, '2020-10-19 01:00:01'),
(1038, NULL, NULL, '2020-10-19 01:30:06'),
(1039, NULL, NULL, '2020-10-19 02:31:52'),
(1040, NULL, NULL, '2020-10-19 14:31:46'),
(1041, NULL, NULL, '2020-10-19 20:10:00'),
(1042, NULL, NULL, '2020-10-19 22:44:52'),
(1043, NULL, NULL, '2020-10-19 23:24:38'),
(1044, NULL, NULL, '2020-10-20 03:23:50'),
(1045, NULL, NULL, '2020-10-20 05:36:13'),
(1046, NULL, NULL, '2020-10-20 05:38:24'),
(1047, NULL, NULL, '2020-10-20 19:57:35'),
(1048, NULL, NULL, '2020-10-20 20:08:35'),
(1049, NULL, NULL, '2020-10-20 23:31:51'),
(1050, NULL, NULL, '2020-10-20 23:48:13'),
(1051, NULL, NULL, '2020-10-21 00:01:41'),
(1052, NULL, NULL, '2020-10-21 00:26:33'),
(1053, NULL, NULL, '2020-10-21 04:07:21'),
(1054, NULL, NULL, '2020-10-21 04:16:54'),
(1055, NULL, NULL, '2020-10-21 13:34:47'),
(1056, NULL, NULL, '2020-10-21 15:52:00'),
(1057, NULL, NULL, '2020-10-21 17:06:10'),
(1058, NULL, NULL, '2020-10-21 17:32:23'),
(1059, NULL, NULL, '2020-10-21 17:34:52');

--
-- Índices para tablas volcadas
--

--
-- Indices de la tabla `categorias`
--
ALTER TABLE `categorias`
  ADD PRIMARY KEY (`id_categoria`);

--
-- Indices de la tabla `chistes`
--
ALTER TABLE `chistes`
  ADD PRIMARY KEY (`id_chiste`),
  ADD KEY `FK_chistes_categorias` (`id_categoria`);

--
-- Indices de la tabla `favoritos`
--
ALTER TABLE `favoritos`
  ADD PRIMARY KEY (`fecha_id_favorito`);

--
-- Indices de la tabla `prueba`
--
ALTER TABLE `prueba`
  ADD PRIMARY KEY (`id`);

--
-- Indices de la tabla `usuarios`
--
ALTER TABLE `usuarios`
  ADD PRIMARY KEY (`id_usuario`);

--
-- AUTO_INCREMENT de las tablas volcadas
--

--
-- AUTO_INCREMENT de la tabla `categorias`
--
ALTER TABLE `categorias`
  MODIFY `id_categoria` int(11) NOT NULL AUTO_INCREMENT, AUTO_INCREMENT=51;

--
-- AUTO_INCREMENT de la tabla `chistes`
--
ALTER TABLE `chistes`
  MODIFY `id_chiste` int(10) UNSIGNED NOT NULL AUTO_INCREMENT, AUTO_INCREMENT=661;

--
-- AUTO_INCREMENT de la tabla `prueba`
--
ALTER TABLE `prueba`
  MODIFY `id` int(11) NOT NULL AUTO_INCREMENT, AUTO_INCREMENT=4;

--
-- AUTO_INCREMENT de la tabla `usuarios`
--
ALTER TABLE `usuarios`
  MODIFY `id_usuario` int(10) UNSIGNED NOT NULL AUTO_INCREMENT, AUTO_INCREMENT=1060;

--
-- Restricciones para tablas volcadas
--

--
-- Filtros para la tabla `chistes`
--
ALTER TABLE `chistes`
  ADD CONSTRAINT `FK_chistes_categorias` FOREIGN KEY (`id_categoria`) REFERENCES `categorias` (`id_categoria`);
COMMIT;

/*!40101 SET CHARACTER_SET_CLIENT=@OLD_CHARACTER_SET_CLIENT */;
/*!40101 SET CHARACTER_SET_RESULTS=@OLD_CHARACTER_SET_RESULTS */;
/*!40101 SET COLLATION_CONNECTION=@OLD_COLLATION_CONNECTION */;
